species,form,acquisition_method,map,encounter_type,badge_requirement,rate,evolution_source,quest,notes
SPECIES_ZIGZAGOON,,wild,ROUTE_1,land,0,table slot,,,morning; levels 2-3
SPECIES_TAILLOW,,wild,ROUTE_1,land,0,table slot,,,morning; levels 2-3
SPECIES_LOTAD,,wild,ROUTE_1,land,0,table slot,,,morning; levels 2-3
SPECIES_SHROOMISH,,wild,ROUTE_1,land,0,table slot,,,morning; levels 2-3
SPECIES_PAWMI,,wild,ROUTE_1,land,0,table slot,,,morning; levels 2-3
SPECIES_MINCCINO,,wild,ROUTE_1,land,0,table slot,,,morning; levels 2-3
SPECIES_MAKUHITA,,wild,ROUTE_1,land,0,table slot,,,morning; levels 2-3
SPECIES_FLABEBE,,wild,ROUTE_1,land,0,table slot,,,morning; levels 2-3
SPECIES_WINGULL,,wild,ROUTE_1,land,0,table slot,,,morning; levels 2-3
SPECIES_VULPIX,,wild,ROUTE_1,land,0,table slot,,,morning; levels 2-2
SPECIES_ELECTRIKE,,wild,ROUTE_1,land,0,table slot,,,morning; levels 2-3
SPECIES_RIOLU,,wild,ROUTE_1,land,0,table slot,,,morning; levels 2-3
SPECIES_ZIGZAGOON,,wild,ROUTE_1,land,0,table slot,,,day; levels 2-3
SPECIES_BUIZEL,,wild,ROUTE_1,land,0,table slot,,,day; levels 2-3
SPECIES_ROOKIDEE,,wild,ROUTE_1,land,0,table slot,,,day; levels 2-3
SPECIES_BUNEARY,,wild,ROUTE_1,land,0,table slot,,,day; levels 2-3
SPECIES_SEWADDLE,,wild,ROUTE_1,land,0,table slot,,,day; levels 2-3
SPECIES_SNOM,,wild,ROUTE_1,land,0,table slot,,,day; levels 2-3
SPECIES_JOLTIK,,wild,ROUTE_1,land,0,table slot,,,day; levels 2-3
SPECIES_HOUNDOUR,,wild,ROUTE_1,land,0,table slot,,,day; levels 2-3
SPECIES_DEERLING,,wild,ROUTE_1,land,0,table slot,,,day; levels 1-3
SPECIES_MUNCHLAX,,wild,ROUTE_1,land,0,table slot,,,day; levels 2-3
SPECIES_DREEPY,,wild,ROUTE_1,land,0,table slot,,,day; levels 2-3
SPECIES_TINKATINK,,wild,ROUTE_1,land,0,table slot,,,day; levels 1-3
SPECIES_NIDORAN_M,,wild,ROUTE_1,land,0,table slot,,,evening; levels 2-3
SPECIES_NIDORAN_F,,wild,ROUTE_1,land,0,table slot,,,evening; levels 2-3
SPECIES_MURKROW,,wild,ROUTE_1,land,0,table slot,,,evening; levels 2-3
SPECIES_SNUBBULL,,wild,ROUTE_1,land,0,table slot,,,evening; levels 2-3
SPECIES_BUNEARY,,wild,ROUTE_1,land,0,table slot,,,evening; levels 2-3
SPECIES_NICKIT,,wild,ROUTE_1,land,0,table slot,,,evening; levels 2-3
SPECIES_GOSSIFLEUR,,wild,ROUTE_1,land,0,table slot,,,evening; levels 2-3
SPECIES_YAMPER,,wild,ROUTE_1,land,0,table slot,,,evening; levels 2-3
SPECIES_DRIFLOON,,wild,ROUTE_1,land,0,table slot,,,evening; levels 2-3
SPECIES_HOUNDOUR,,wild,ROUTE_1,land,0,table slot,,,evening; levels 2-2
SPECIES_GLAMEOW,,wild,ROUTE_1,land,0,table slot,,,evening; levels 2-3
SPECIES_TOXEL,,wild,ROUTE_1,land,0,table slot,,,evening; levels 2-3
SPECIES_HOOTHOOT,,wild,ROUTE_1,land,0,table slot,,,night; levels 2-3
SPECIES_POOCHYENA,,wild,ROUTE_1,land,0,table slot,,,night; levels 2-3
SPECIES_SPINARAK,,wild,ROUTE_1,land,0,table slot,,,night; levels 2-3
SPECIES_CUTIEFLY,,wild,ROUTE_1,land,0,table slot,,,night; levels 2-3
SPECIES_SANDSHREW,,wild,ROUTE_1,land,0,table slot,,,night; levels 2-3
SPECIES_CLEFFA,,wild,ROUTE_1,land,0,table slot,,,night; levels 2-3
SPECIES_FRIGIBAX,,wild,ROUTE_1,land,0,table slot,,,night; levels 2-3
SPECIES_LITLEO,,wild,ROUTE_1,land,0,table slot,,,night; levels 2-3
SPECIES_GASTLY,,wild,ROUTE_1,land,0,table slot,,,night; levels 2-3
SPECIES_MISDREAVUS,,wild,ROUTE_1,land,0,table slot,,,night; levels 2-2
SPECIES_ZORUA,,wild,ROUTE_1,land,0,table slot,,,night; levels 2-3
SPECIES_MEOWTH_A,,wild,ROUTE_1,land,0,table slot,,,night; levels 2-3
SPECIES_UNOWN,,wild,SEVEN_ISLAND_TANOBY_RUINS_MONEAN_CHAMBER,land,varies,20,,,stock FireRed; levels 25-25
SPECIES_UNOWN,,wild,SEVEN_ISLAND_TANOBY_RUINS_MONEAN_CHAMBER,land,varies,20,,,stock FireRed; levels 25-25
SPECIES_UNOWN,,wild,SEVEN_ISLAND_TANOBY_RUINS_MONEAN_CHAMBER,land,varies,10,,,stock FireRed; levels 25-25
SPECIES_UNOWN,,wild,SEVEN_ISLAND_TANOBY_RUINS_MONEAN_CHAMBER,land,varies,10,,,stock FireRed; levels 25-25
SPECIES_UNOWN,,wild,SEVEN_ISLAND_TANOBY_RUINS_MONEAN_CHAMBER,land,varies,10,,,stock FireRed; levels 25-25
SPECIES_UNOWN,,wild,SEVEN_ISLAND_TANOBY_RUINS_MONEAN_CHAMBER,land,varies,10,,,stock FireRed; levels 25-25
SPECIES_UNOWN,,wild,SEVEN_ISLAND_TANOBY_RUINS_MONEAN_CHAMBER,land,varies,5,,,stock FireRed; levels 25-25
SPECIES_UNOWN,,wild,SEVEN_ISLAND_TANOBY_RUINS_MONEAN_CHAMBER,land,varies,5,,,stock FireRed; levels 25-25
SPECIES_UNOWN,,wild,SEVEN_ISLAND_TANOBY_RUINS_MONEAN_CHAMBER,land,varies,4,,,stock FireRed; levels 25-25
SPECIES_UNOWN,,wild,SEVEN_ISLAND_TANOBY_RUINS_MONEAN_CHAMBER,land,varies,4,,,stock FireRed; levels 25-25
SPECIES_UNOWN,,wild,SEVEN_ISLAND_TANOBY_RUINS_MONEAN_CHAMBER,land,varies,1,,,stock FireRed; levels 25-25
SPECIES_UNOWN,,wild,SEVEN_ISLAND_TANOBY_RUINS_MONEAN_CHAMBER,land,varies,1,,,stock FireRed; levels 25-25
SPECIES_UNOWN,,wild,SEVEN_ISLAND_TANOBY_RUINS_LIPTOO_CHAMBER,land,varies,20,,,stock FireRed; levels 25-25
SPECIES_UNOWN,,wild,SEVEN_ISLAND_TANOBY_RUINS_LIPTOO_CHAMBER,land,varies,20,,,stock FireRed; levels 25-25
SPECIES_UNOWN,,wild,SEVEN_ISLAND_TANOBY_RUINS_LIPTOO_CHAMBER,land,varies,10,,,stock FireRed; levels 25-25
SPECIES_UNOWN,,wild,SEVEN_ISLAND_TANOBY_RUINS_LIPTOO_CHAMBER,land,varies,10,,,stock FireRed; levels 25-25
SPECIES_UNOWN,,wild,SEVEN_ISLAND_TANOBY_RUINS_LIPTOO_CHAMBER,land,varies,10,,,stock FireRed; levels 25-25
SPECIES_UNOWN,,wild,SEVEN_ISLAND_TANOBY_RUINS_LIPTOO_CHAMBER,land,varies,10,,,stock FireRed; levels 25-25
SPECIES_UNOWN,,wild,SEVEN_ISLAND_TANOBY_RUINS_LIPTOO_CHAMBER,land,varies,5,,,stock FireRed; levels 25-25
SPECIES_UNOWN,,wild,SEVEN_ISLAND_TANOBY_RUINS_LIPTOO_CHAMBER,land,varies,5,,,stock FireRed; levels 25-25
SPECIES_UNOWN,,wild,SEVEN_ISLAND_TANOBY_RUINS_LIPTOO_CHAMBER,land,varies,4,,,stock FireRed; levels 25-25
SPECIES_UNOWN,,wild,SEVEN_ISLAND_TANOBY_RUINS_LIPTOO_CHAMBER,land,varies,4,,,stock FireRed; levels 25-25
SPECIES_UNOWN,,wild,SEVEN_ISLAND_TANOBY_RUINS_LIPTOO_CHAMBER,land,varies,1,,,stock FireRed; levels 25-25
SPECIES_UNOWN,,wild,SEVEN_ISLAND_TANOBY_RUINS_LIPTOO_CHAMBER,land,varies,1,,,stock FireRed; levels 25-25
SPECIES_UNOWN,,wild,SEVEN_ISLAND_TANOBY_RUINS_WEEPTH_CHAMBER,land,varies,20,,,stock FireRed; levels 25-25
SPECIES_UNOWN,,wild,SEVEN_ISLAND_TANOBY_RUINS_WEEPTH_CHAMBER,land,varies,20,,,stock FireRed; levels 25-25
SPECIES_UNOWN,,wild,SEVEN_ISLAND_TANOBY_RUINS_WEEPTH_CHAMBER,land,varies,10,,,stock FireRed; levels 25-25
SPECIES_UNOWN,,wild,SEVEN_ISLAND_TANOBY_RUINS_WEEPTH_CHAMBER,land,varies,10,,,stock FireRed; levels 25-25
SPECIES_UNOWN,,wild,SEVEN_ISLAND_TANOBY_RUINS_WEEPTH_CHAMBER,land,varies,10,,,stock FireRed; levels 25-25
SPECIES_UNOWN,,wild,SEVEN_ISLAND_TANOBY_RUINS_WEEPTH_CHAMBER,land,varies,10,,,stock FireRed; levels 25-25
SPECIES_UNOWN,,wild,SEVEN_ISLAND_TANOBY_RUINS_WEEPTH_CHAMBER,land,varies,5,,,stock FireRed; levels 25-25
SPECIES_UNOWN,,wild,SEVEN_ISLAND_TANOBY_RUINS_WEEPTH_CHAMBER,land,varies,5,,,stock FireRed; levels 25-25
SPECIES_UNOWN,,wild,SEVEN_ISLAND_TANOBY_RUINS_WEEPTH_CHAMBER,land,varies,4,,,stock FireRed; levels 25-25
SPECIES_UNOWN,,wild,SEVEN_ISLAND_TANOBY_RUINS_WEEPTH_CHAMBER,land,varies,4,,,stock FireRed; levels 25-25
SPECIES_UNOWN,,wild,SEVEN_ISLAND_TANOBY_RUINS_WEEPTH_CHAMBER,land,varies,1,,,stock FireRed; levels 25-25
SPECIES_UNOWN,,wild,SEVEN_ISLAND_TANOBY_RUINS_WEEPTH_CHAMBER,land,varies,1,,,stock FireRed; levels 25-25
SPECIES_UNOWN,,wild,SEVEN_ISLAND_TANOBY_RUINS_DILFORD_CHAMBER,land,varies,20,,,stock FireRed; levels 25-25
SPECIES_UNOWN,,wild,SEVEN_ISLAND_TANOBY_RUINS_DILFORD_CHAMBER,land,varies,20,,,stock FireRed; levels 25-25
SPECIES_UNOWN,,wild,SEVEN_ISLAND_TANOBY_RUINS_DILFORD_CHAMBER,land,varies,10,,,stock FireRed; levels 25-25
SPECIES_UNOWN,,wild,SEVEN_ISLAND_TANOBY_RUINS_DILFORD_CHAMBER,land,varies,10,,,stock FireRed; levels 25-25
SPECIES_UNOWN,,wild,SEVEN_ISLAND_TANOBY_RUINS_DILFORD_CHAMBER,land,varies,10,,,stock FireRed; levels 25-25
SPECIES_UNOWN,,wild,SEVEN_ISLAND_TANOBY_RUINS_DILFORD_CHAMBER,land,varies,10,,,stock FireRed; levels 25-25
SPECIES_UNOWN,,wild,SEVEN_ISLAND_TANOBY_RUINS_DILFORD_CHAMBER,land,varies,5,,,stock FireRed; levels 25-25
SPECIES_UNOWN,,wild,SEVEN_ISLAND_TANOBY_RUINS_DILFORD_CHAMBER,land,varies,5,,,stock FireRed; levels 25-25
SPECIES_UNOWN,,wild,SEVEN_ISLAND_TANOBY_RUINS_DILFORD_CHAMBER,land,varies,4,,,stock FireRed; levels 25-25
SPECIES_UNOWN,,wild,SEVEN_ISLAND_TANOBY_RUINS_DILFORD_CHAMBER,land,varies,4,,,stock FireRed; levels 25-25
SPECIES_UNOWN,,wild,SEVEN_ISLAND_TANOBY_RUINS_DILFORD_CHAMBER,land,varies,1,,,stock FireRed; levels 25-25
SPECIES_UNOWN,,wild,SEVEN_ISLAND_TANOBY_RUINS_DILFORD_CHAMBER,land,varies,1,,,stock FireRed; levels 25-25
SPECIES_UNOWN,,wild,SEVEN_ISLAND_TANOBY_RUINS_SCUFIB_CHAMBER,land,varies,20,,,stock FireRed; levels 25-25
SPECIES_UNOWN,,wild,SEVEN_ISLAND_TANOBY_RUINS_SCUFIB_CHAMBER,land,varies,20,,,stock FireRed; levels 25-25
SPECIES_UNOWN,,wild,SEVEN_ISLAND_TANOBY_RUINS_SCUFIB_CHAMBER,land,varies,10,,,stock FireRed; levels 25-25
SPECIES_UNOWN,,wild,SEVEN_ISLAND_TANOBY_RUINS_SCUFIB_CHAMBER,land,varies,10,,,stock FireRed; levels 25-25
SPECIES_UNOWN,,wild,SEVEN_ISLAND_TANOBY_RUINS_SCUFIB_CHAMBER,land,varies,10,,,stock FireRed; levels 25-25
SPECIES_UNOWN,,wild,SEVEN_ISLAND_TANOBY_RUINS_SCUFIB_CHAMBER,land,varies,10,,,stock FireRed; levels 25-25
SPECIES_UNOWN,,wild,SEVEN_ISLAND_TANOBY_RUINS_SCUFIB_CHAMBER,land,varies,5,,,stock FireRed; levels 25-25
SPECIES_UNOWN,,wild,SEVEN_ISLAND_TANOBY_RUINS_SCUFIB_CHAMBER,land,varies,5,,,stock FireRed; levels 25-25
SPECIES_UNOWN,,wild,SEVEN_ISLAND_TANOBY_RUINS_SCUFIB_CHAMBER,land,varies,4,,,stock FireRed; levels 25-25
SPECIES_UNOWN,,wild,SEVEN_ISLAND_TANOBY_RUINS_SCUFIB_CHAMBER,land,varies,4,,,stock FireRed; levels 25-25
SPECIES_UNOWN,,wild,SEVEN_ISLAND_TANOBY_RUINS_SCUFIB_CHAMBER,land,varies,1,,,stock FireRed; levels 25-25
SPECIES_UNOWN,,wild,SEVEN_ISLAND_TANOBY_RUINS_SCUFIB_CHAMBER,land,varies,1,,,stock FireRed; levels 25-25
SPECIES_UNOWN,,wild,SEVEN_ISLAND_TANOBY_RUINS_RIXY_CHAMBER,land,varies,20,,,stock FireRed; levels 25-25
SPECIES_UNOWN,,wild,SEVEN_ISLAND_TANOBY_RUINS_RIXY_CHAMBER,land,varies,20,,,stock FireRed; levels 25-25
SPECIES_UNOWN,,wild,SEVEN_ISLAND_TANOBY_RUINS_RIXY_CHAMBER,land,varies,10,,,stock FireRed; levels 25-25
SPECIES_UNOWN,,wild,SEVEN_ISLAND_TANOBY_RUINS_RIXY_CHAMBER,land,varies,10,,,stock FireRed; levels 25-25
SPECIES_UNOWN,,wild,SEVEN_ISLAND_TANOBY_RUINS_RIXY_CHAMBER,land,varies,10,,,stock FireRed; levels 25-25
SPECIES_UNOWN,,wild,SEVEN_ISLAND_TANOBY_RUINS_RIXY_CHAMBER,land,varies,10,,,stock FireRed; levels 25-25
SPECIES_UNOWN,,wild,SEVEN_ISLAND_TANOBY_RUINS_RIXY_CHAMBER,land,varies,5,,,stock FireRed; levels 25-25
SPECIES_UNOWN,,wild,SEVEN_ISLAND_TANOBY_RUINS_RIXY_CHAMBER,land,varies,5,,,stock FireRed; levels 25-25
SPECIES_UNOWN,,wild,SEVEN_ISLAND_TANOBY_RUINS_RIXY_CHAMBER,land,varies,4,,,stock FireRed; levels 25-25
SPECIES_UNOWN,,wild,SEVEN_ISLAND_TANOBY_RUINS_RIXY_CHAMBER,land,varies,4,,,stock FireRed; levels 25-25
SPECIES_UNOWN,,wild,SEVEN_ISLAND_TANOBY_RUINS_RIXY_CHAMBER,land,varies,1,,,stock FireRed; levels 25-25
SPECIES_UNOWN,,wild,SEVEN_ISLAND_TANOBY_RUINS_RIXY_CHAMBER,land,varies,1,,,stock FireRed; levels 25-25
SPECIES_UNOWN,,wild,SEVEN_ISLAND_TANOBY_RUINS_VIAPOIS_CHAMBER,land,varies,20,,,stock FireRed; levels 25-25
SPECIES_UNOWN,,wild,SEVEN_ISLAND_TANOBY_RUINS_VIAPOIS_CHAMBER,land,varies,20,,,stock FireRed; levels 25-25
SPECIES_UNOWN,,wild,SEVEN_ISLAND_TANOBY_RUINS_VIAPOIS_CHAMBER,land,varies,10,,,stock FireRed; levels 25-25
SPECIES_UNOWN,,wild,SEVEN_ISLAND_TANOBY_RUINS_VIAPOIS_CHAMBER,land,varies,10,,,stock FireRed; levels 25-25
SPECIES_UNOWN,,wild,SEVEN_ISLAND_TANOBY_RUINS_VIAPOIS_CHAMBER,land,varies,10,,,stock FireRed; levels 25-25
SPECIES_UNOWN,,wild,SEVEN_ISLAND_TANOBY_RUINS_VIAPOIS_CHAMBER,land,varies,10,,,stock FireRed; levels 25-25
SPECIES_UNOWN,,wild,SEVEN_ISLAND_TANOBY_RUINS_VIAPOIS_CHAMBER,land,varies,5,,,stock FireRed; levels 25-25
SPECIES_UNOWN,,wild,SEVEN_ISLAND_TANOBY_RUINS_VIAPOIS_CHAMBER,land,varies,5,,,stock FireRed; levels 25-25
SPECIES_UNOWN,,wild,SEVEN_ISLAND_TANOBY_RUINS_VIAPOIS_CHAMBER,land,varies,4,,,stock FireRed; levels 25-25
SPECIES_UNOWN,,wild,SEVEN_ISLAND_TANOBY_RUINS_VIAPOIS_CHAMBER,land,varies,4,,,stock FireRed; levels 25-25
SPECIES_UNOWN,,wild,SEVEN_ISLAND_TANOBY_RUINS_VIAPOIS_CHAMBER,land,varies,1,,,stock FireRed; levels 25-25
SPECIES_UNOWN,,wild,SEVEN_ISLAND_TANOBY_RUINS_VIAPOIS_CHAMBER,land,varies,1,,,stock FireRed; levels 25-25
SPECIES_CATERPIE,,wild,VIRIDIAN_FOREST,land,varies,20,,,stock FireRed; levels 4-4
SPECIES_WEEDLE,,wild,VIRIDIAN_FOREST,land,varies,20,,,stock FireRed; levels 4-4
SPECIES_CATERPIE,,wild,VIRIDIAN_FOREST,land,varies,10,,,stock FireRed; levels 5-5
SPECIES_WEEDLE,,wild,VIRIDIAN_FOREST,land,varies,10,,,stock FireRed; levels 5-5
SPECIES_CATERPIE,,wild,VIRIDIAN_FOREST,land,varies,10,,,stock FireRed; levels 3-3
SPECIES_WEEDLE,,wild,VIRIDIAN_FOREST,land,varies,10,,,stock FireRed; levels 3-3
SPECIES_METAPOD,,wild,VIRIDIAN_FOREST,land,varies,5,,,stock FireRed; levels 5-5
SPECIES_KAKUNA,,wild,VIRIDIAN_FOREST,land,varies,5,,,stock FireRed; levels 5-5
SPECIES_KAKUNA,,wild,VIRIDIAN_FOREST,land,varies,4,,,stock FireRed; levels 4-4
SPECIES_PIKACHU,,wild,VIRIDIAN_FOREST,land,varies,4,,,stock FireRed; levels 3-3
SPECIES_KAKUNA,,wild,VIRIDIAN_FOREST,land,varies,1,,,stock FireRed; levels 6-6
SPECIES_PIKACHU,,wild,VIRIDIAN_FOREST,land,varies,1,,,stock FireRed; levels 5-5
SPECIES_ZUBAT,,wild,MT_MOON_1F,land,varies,20,,,stock FireRed; levels 7-7
SPECIES_ZUBAT,,wild,MT_MOON_1F,land,varies,20,,,stock FireRed; levels 8-8
SPECIES_GEODUDE,,wild,MT_MOON_1F,land,varies,10,,,stock FireRed; levels 7-7
SPECIES_ZUBAT,,wild,MT_MOON_1F,land,varies,10,,,stock FireRed; levels 9-9
SPECIES_ZUBAT,,wild,MT_MOON_1F,land,varies,10,,,stock FireRed; levels 10-10
SPECIES_GEODUDE,,wild,MT_MOON_1F,land,varies,10,,,stock FireRed; levels 8-8
SPECIES_GEODUDE,,wild,MT_MOON_1F,land,varies,5,,,stock FireRed; levels 9-9
SPECIES_PARAS,,wild,MT_MOON_1F,land,varies,5,,,stock FireRed; levels 8-8
SPECIES_ZUBAT,,wild,MT_MOON_1F,land,varies,4,,,stock FireRed; levels 7-7
SPECIES_ZUBAT,,wild,MT_MOON_1F,land,varies,4,,,stock FireRed; levels 7-7
SPECIES_ZUBAT,,wild,MT_MOON_1F,land,varies,1,,,stock FireRed; levels 7-7
SPECIES_CLEFAIRY,,wild,MT_MOON_1F,land,varies,1,,,stock FireRed; levels 8-8
SPECIES_PARAS,,wild,MT_MOON_B1F,land,varies,20,,,stock FireRed; levels 7-7
SPECIES_PARAS,,wild,MT_MOON_B1F,land,varies,20,,,stock FireRed; levels 8-8
SPECIES_PARAS,,wild,MT_MOON_B1F,land,varies,10,,,stock FireRed; levels 5-5
SPECIES_PARAS,,wild,MT_MOON_B1F,land,varies,10,,,stock FireRed; levels 6-6
SPECIES_PARAS,,wild,MT_MOON_B1F,land,varies,10,,,stock FireRed; levels 9-9
SPECIES_PARAS,,wild,MT_MOON_B1F,land,varies,10,,,stock FireRed; levels 10-10
SPECIES_PARAS,,wild,MT_MOON_B1F,land,varies,5,,,stock FireRed; levels 7-7
SPECIES_PARAS,,wild,MT_MOON_B1F,land,varies,5,,,stock FireRed; levels 8-8
SPECIES_PARAS,,wild,MT_MOON_B1F,land,varies,4,,,stock FireRed; levels 5-5
SPECIES_PARAS,,wild,MT_MOON_B1F,land,varies,4,,,stock FireRed; levels 6-6
SPECIES_PARAS,,wild,MT_MOON_B1F,land,varies,1,,,stock FireRed; levels 9-9
SPECIES_PARAS,,wild,MT_MOON_B1F,land,varies,1,,,stock FireRed; levels 10-10
SPECIES_ZUBAT,,wild,MT_MOON_B2F,land,varies,20,,,stock FireRed; levels 8-8
SPECIES_GEODUDE,,wild,MT_MOON_B2F,land,varies,20,,,stock FireRed; levels 9-9
SPECIES_ZUBAT,,wild,MT_MOON_B2F,land,varies,10,,,stock FireRed; levels 9-9
SPECIES_ZUBAT,,wild,MT_MOON_B2F,land,varies,10,,,stock FireRed; levels 10-10
SPECIES_GEODUDE,,wild,MT_MOON_B2F,land,varies,10,,,stock FireRed; levels 10-10
SPECIES_PARAS,,wild,MT_MOON_B2F,land,varies,10,,,stock FireRed; levels 10-10
SPECIES_PARAS,,wild,MT_MOON_B2F,land,varies,5,,,stock FireRed; levels 12-12
SPECIES_CLEFAIRY,,wild,MT_MOON_B2F,land,varies,5,,,stock FireRed; levels 10-10
SPECIES_ZUBAT,,wild,MT_MOON_B2F,land,varies,4,,,stock FireRed; levels 11-11
SPECIES_ZUBAT,,wild,MT_MOON_B2F,land,varies,4,,,stock FireRed; levels 11-11
SPECIES_ZUBAT,,wild,MT_MOON_B2F,land,varies,1,,,stock FireRed; levels 11-11
SPECIES_CLEFAIRY,,wild,MT_MOON_B2F,land,varies,1,,,stock FireRed; levels 12-12
SPECIES_TENTACOOL,,wild,SSANNE_EXTERIOR,water,varies,60,,,stock FireRed; levels 5-10
SPECIES_TENTACOOL,,wild,SSANNE_EXTERIOR,water,varies,30,,,stock FireRed; levels 10-20
SPECIES_TENTACOOL,,wild,SSANNE_EXTERIOR,water,varies,5,,,stock FireRed; levels 20-30
SPECIES_TENTACOOL,,wild,SSANNE_EXTERIOR,water,varies,4,,,stock FireRed; levels 30-35
SPECIES_TENTACOOL,,wild,SSANNE_EXTERIOR,water,varies,1,,,stock FireRed; levels 35-40
SPECIES_MAGIKARP,,wild,SSANNE_EXTERIOR,fishing,varies,70,,,stock FireRed; levels 5-5
SPECIES_MAGIKARP,,wild,SSANNE_EXTERIOR,fishing,varies,30,,,stock FireRed; levels 5-5
SPECIES_HORSEA,,wild,SSANNE_EXTERIOR,fishing,varies,60,,,stock FireRed; levels 5-15
SPECIES_MAGIKARP,,wild,SSANNE_EXTERIOR,fishing,varies,20,,,stock FireRed; levels 5-15
SPECIES_KRABBY,,wild,SSANNE_EXTERIOR,fishing,varies,20,,,stock FireRed; levels 5-15
SPECIES_HORSEA,,wild,SSANNE_EXTERIOR,fishing,varies,40,,,stock FireRed; levels 15-25
SPECIES_SHELLDER,,wild,SSANNE_EXTERIOR,fishing,varies,40,,,stock FireRed; levels 15-25
SPECIES_GYARADOS,,wild,SSANNE_EXTERIOR,fishing,varies,15,,,stock FireRed; levels 15-25
SPECIES_HORSEA,,wild,SSANNE_EXTERIOR,fishing,varies,4,,,stock FireRed; levels 25-35
SPECIES_PSYDUCK,,wild,SSANNE_EXTERIOR,fishing,varies,1,,,stock FireRed; levels 25-35
SPECIES_DIGLETT,,wild,DIGLETTS_CAVE_B1F,land,varies,20,,,stock FireRed; levels 18-18
SPECIES_DIGLETT,,wild,DIGLETTS_CAVE_B1F,land,varies,20,,,stock FireRed; levels 19-19
SPECIES_DIGLETT,,wild,DIGLETTS_CAVE_B1F,land,varies,10,,,stock FireRed; levels 17-17
SPECIES_DIGLETT,,wild,DIGLETTS_CAVE_B1F,land,varies,10,,,stock FireRed; levels 15-15
SPECIES_DIGLETT,,wild,DIGLETTS_CAVE_B1F,land,varies,10,,,stock FireRed; levels 16-16
SPECIES_DIGLETT,,wild,DIGLETTS_CAVE_B1F,land,varies,10,,,stock FireRed; levels 20-20
SPECIES_DIGLETT,,wild,DIGLETTS_CAVE_B1F,land,varies,5,,,stock FireRed; levels 21-21
SPECIES_DIGLETT,,wild,DIGLETTS_CAVE_B1F,land,varies,5,,,stock FireRed; levels 22-22
SPECIES_DIGLETT,,wild,DIGLETTS_CAVE_B1F,land,varies,4,,,stock FireRed; levels 17-17
SPECIES_DUGTRIO,,wild,DIGLETTS_CAVE_B1F,land,varies,4,,,stock FireRed; levels 29-29
SPECIES_DIGLETT,,wild,DIGLETTS_CAVE_B1F,land,varies,1,,,stock FireRed; levels 17-17
SPECIES_DUGTRIO,,wild,DIGLETTS_CAVE_B1F,land,varies,1,,,stock FireRed; levels 31-31
SPECIES_MACHOP,,wild,VICTORY_ROAD_1F,land,varies,20,,,stock FireRed; levels 32-32
SPECIES_GEODUDE,,wild,VICTORY_ROAD_1F,land,varies,20,,,stock FireRed; levels 32-32
SPECIES_ONIX,,wild,VICTORY_ROAD_1F,land,varies,10,,,stock FireRed; levels 40-40
SPECIES_ONIX,,wild,VICTORY_ROAD_1F,land,varies,10,,,stock FireRed; levels 43-43
SPECIES_ONIX,,wild,VICTORY_ROAD_1F,land,varies,10,,,stock FireRed; levels 46-46
SPECIES_ZUBAT,,wild,VICTORY_ROAD_1F,land,varies,10,,,stock FireRed; levels 32-32
SPECIES_ARBOK,,wild,VICTORY_ROAD_1F,land,varies,5,,,stock FireRed; levels 44-44
SPECIES_GOLBAT,,wild,VICTORY_ROAD_1F,land,varies,5,,,stock FireRed; levels 44-44
SPECIES_MAROWAK,,wild,VICTORY_ROAD_1F,land,varies,4,,,stock FireRed; levels 44-44
SPECIES_MACHOKE,,wild,VICTORY_ROAD_1F,land,varies,4,,,stock FireRed; levels 44-44
SPECIES_MACHOKE,,wild,VICTORY_ROAD_1F,land,varies,1,,,stock FireRed; levels 46-46
SPECIES_MAROWAK,,wild,VICTORY_ROAD_1F,land,varies,1,,,stock FireRed; levels 46-46
SPECIES_MACHOP,,wild,VICTORY_ROAD_2F,land,varies,20,,,stock FireRed; levels 34-34
SPECIES_GEODUDE,,wild,VICTORY_ROAD_2F,land,varies,20,,,stock FireRed; levels 34-34
SPECIES_PRIMEAPE,,wild,VICTORY_ROAD_2F,land,varies,10,,,stock FireRed; levels 42-42
SPECIES_ONIX,,wild,VICTORY_ROAD_2F,land,varies,10,,,stock FireRed; levels 45-45
SPECIES_ONIX,,wild,VICTORY_ROAD_2F,land,varies,10,,,stock FireRed; levels 48-48
SPECIES_ZUBAT,,wild,VICTORY_ROAD_2F,land,varies,10,,,stock FireRed; levels 34-34
SPECIES_ARBOK,,wild,VICTORY_ROAD_2F,land,varies,5,,,stock FireRed; levels 46-46
SPECIES_GOLBAT,,wild,VICTORY_ROAD_2F,land,varies,5,,,stock FireRed; levels 46-46
SPECIES_MAROWAK,,wild,VICTORY_ROAD_2F,land,varies,4,,,stock FireRed; levels 46-46
SPECIES_MACHOKE,,wild,VICTORY_ROAD_2F,land,varies,4,,,stock FireRed; levels 46-46
SPECIES_MACHOKE,,wild,VICTORY_ROAD_2F,land,varies,1,,,stock FireRed; levels 48-48
SPECIES_MAROWAK,,wild,VICTORY_ROAD_2F,land,varies,1,,,stock FireRed; levels 48-48
SPECIES_MACHOP,,wild,VICTORY_ROAD_3F,land,varies,20,,,stock FireRed; levels 32-32
SPECIES_GEODUDE,,wild,VICTORY_ROAD_3F,land,varies,20,,,stock FireRed; levels 32-32
SPECIES_ONIX,,wild,VICTORY_ROAD_3F,land,varies,10,,,stock FireRed; levels 40-40
SPECIES_ONIX,,wild,VICTORY_ROAD_3F,land,varies,10,,,stock FireRed; levels 43-43
SPECIES_ONIX,,wild,VICTORY_ROAD_3F,land,varies,10,,,stock FireRed; levels 46-46
SPECIES_ZUBAT,,wild,VICTORY_ROAD_3F,land,varies,10,,,stock FireRed; levels 32-32
SPECIES_ARBOK,,wild,VICTORY_ROAD_3F,land,varies,5,,,stock FireRed; levels 44-44
SPECIES_GOLBAT,,wild,VICTORY_ROAD_3F,land,varies,5,,,stock FireRed; levels 44-44
SPECIES_MAROWAK,,wild,VICTORY_ROAD_3F,land,varies,4,,,stock FireRed; levels 44-44
SPECIES_MACHOKE,,wild,VICTORY_ROAD_3F,land,varies,4,,,stock FireRed; levels 44-44
SPECIES_MACHOKE,,wild,VICTORY_ROAD_3F,land,varies,1,,,stock FireRed; levels 46-46
SPECIES_MAROWAK,,wild,VICTORY_ROAD_3F,land,varies,1,,,stock FireRed; levels 46-46
SPECIES_KOFFING,,wild,POKEMON_MANSION_1F,land,varies,20,,,stock FireRed; levels 28-28
SPECIES_RATICATE,,wild,POKEMON_MANSION_1F,land,varies,20,,,stock FireRed; levels 32-32
SPECIES_KOFFING,,wild,POKEMON_MANSION_1F,land,varies,10,,,stock FireRed; levels 30-30
SPECIES_RATICATE,,wild,POKEMON_MANSION_1F,land,varies,10,,,stock FireRed; levels 36-36
SPECIES_GROWLITHE,,wild,POKEMON_MANSION_1F,land,varies,10,,,stock FireRed; levels 30-30
SPECIES_RATTATA,,wild,POKEMON_MANSION_1F,land,varies,10,,,stock FireRed; levels 28-28
SPECIES_GRIMER,,wild,POKEMON_MANSION_1F,land,varies,5,,,stock FireRed; levels 28-28
SPECIES_WEEZING,,wild,POKEMON_MANSION_1F,land,varies,5,,,stock FireRed; levels 32-32
SPECIES_GROWLITHE,,wild,POKEMON_MANSION_1F,land,varies,4,,,stock FireRed; levels 32-32
SPECIES_RATTATA,,wild,POKEMON_MANSION_1F,land,varies,4,,,stock FireRed; levels 26-26
SPECIES_GROWLITHE,,wild,POKEMON_MANSION_1F,land,varies,1,,,stock FireRed; levels 32-32
SPECIES_RATTATA,,wild,POKEMON_MANSION_1F,land,varies,1,,,stock FireRed; levels 26-26
SPECIES_KOFFING,,wild,POKEMON_MANSION_2F,land,varies,20,,,stock FireRed; levels 28-28
SPECIES_RATICATE,,wild,POKEMON_MANSION_2F,land,varies,20,,,stock FireRed; levels 32-32
SPECIES_KOFFING,,wild,POKEMON_MANSION_2F,land,varies,10,,,stock FireRed; levels 30-30
SPECIES_RATICATE,,wild,POKEMON_MANSION_2F,land,varies,10,,,stock FireRed; levels 36-36
SPECIES_GROWLITHE,,wild,POKEMON_MANSION_2F,land,varies,10,,,stock FireRed; levels 30-30
SPECIES_RATTATA,,wild,POKEMON_MANSION_2F,land,varies,10,,,stock FireRed; levels 28-28
SPECIES_GRIMER,,wild,POKEMON_MANSION_2F,land,varies,5,,,stock FireRed; levels 28-28
SPECIES_WEEZING,,wild,POKEMON_MANSION_2F,land,varies,5,,,stock FireRed; levels 32-32
SPECIES_GROWLITHE,,wild,POKEMON_MANSION_2F,land,varies,4,,,stock FireRed; levels 32-32
SPECIES_RATTATA,,wild,POKEMON_MANSION_2F,land,varies,4,,,stock FireRed; levels 26-26
SPECIES_GROWLITHE,,wild,POKEMON_MANSION_2F,land,varies,1,,,stock FireRed; levels 32-32
SPECIES_RATTATA,,wild,POKEMON_MANSION_2F,land,varies,1,,,stock FireRed; levels 26-26
SPECIES_KOFFING,,wild,POKEMON_MANSION_3F,land,varies,20,,,stock FireRed; levels 28-28
SPECIES_RATICATE,,wild,POKEMON_MANSION_3F,land,varies,20,,,stock FireRed; levels 32-32
SPECIES_KOFFING,,wild,POKEMON_MANSION_3F,land,varies,10,,,stock FireRed; levels 30-30
SPECIES_RATICATE,,wild,POKEMON_MANSION_3F,land,varies,10,,,stock FireRed; levels 36-36
SPECIES_GROWLITHE,,wild,POKEMON_MANSION_3F,land,varies,10,,,stock FireRed; levels 30-30
SPECIES_RATTATA,,wild,POKEMON_MANSION_3F,land,varies,10,,,stock FireRed; levels 28-28
SPECIES_GRIMER,,wild,POKEMON_MANSION_3F,land,varies,5,,,stock FireRed; levels 28-28
SPECIES_WEEZING,,wild,POKEMON_MANSION_3F,land,varies,5,,,stock FireRed; levels 32-32
SPECIES_GROWLITHE,,wild,POKEMON_MANSION_3F,land,varies,4,,,stock FireRed; levels 32-32
SPECIES_RATTATA,,wild,POKEMON_MANSION_3F,land,varies,4,,,stock FireRed; levels 26-26
SPECIES_GROWLITHE,,wild,POKEMON_MANSION_3F,land,varies,1,,,stock FireRed; levels 32-32
SPECIES_RATTATA,,wild,POKEMON_MANSION_3F,land,varies,1,,,stock FireRed; levels 26-26
SPECIES_KOFFING,,wild,POKEMON_MANSION_B1F,land,varies,20,,,stock FireRed; levels 28-28
SPECIES_RATICATE,,wild,POKEMON_MANSION_B1F,land,varies,20,,,stock FireRed; levels 34-34
SPECIES_KOFFING,,wild,POKEMON_MANSION_B1F,land,varies,10,,,stock FireRed; levels 30-30
SPECIES_DITTO,,wild,POKEMON_MANSION_B1F,land,varies,10,,,stock FireRed; levels 30-30
SPECIES_GROWLITHE,,wild,POKEMON_MANSION_B1F,land,varies,10,,,stock FireRed; levels 30-30
SPECIES_RATICATE,,wild,POKEMON_MANSION_B1F,land,varies,10,,,stock FireRed; levels 38-38
SPECIES_GRIMER,,wild,POKEMON_MANSION_B1F,land,varies,5,,,stock FireRed; levels 28-28
SPECIES_WEEZING,,wild,POKEMON_MANSION_B1F,land,varies,5,,,stock FireRed; levels 34-34
SPECIES_GROWLITHE,,wild,POKEMON_MANSION_B1F,land,varies,4,,,stock FireRed; levels 32-32
SPECIES_RATTATA,,wild,POKEMON_MANSION_B1F,land,varies,4,,,stock FireRed; levels 26-26
SPECIES_GROWLITHE,,wild,POKEMON_MANSION_B1F,land,varies,1,,,stock FireRed; levels 32-32
SPECIES_RATTATA,,wild,POKEMON_MANSION_B1F,land,varies,1,,,stock FireRed; levels 26-26
SPECIES_RHYHORN,,wild,SAFARI_ZONE_CENTER,land,varies,20,,,stock FireRed; levels 25-25
SPECIES_NIDORAN_M,,wild,SAFARI_ZONE_CENTER,land,varies,20,,,stock FireRed; levels 22-22
SPECIES_EXEGGCUTE,,wild,SAFARI_ZONE_CENTER,land,varies,10,,,stock FireRed; levels 24-24
SPECIES_EXEGGCUTE,,wild,SAFARI_ZONE_CENTER,land,varies,10,,,stock FireRed; levels 25-25
SPECIES_VENONAT,,wild,SAFARI_ZONE_CENTER,land,varies,10,,,stock FireRed; levels 22-22
SPECIES_NIDORINO,,wild,SAFARI_ZONE_CENTER,land,varies,10,,,stock FireRed; levels 31-31
SPECIES_NIDORINA,,wild,SAFARI_ZONE_CENTER,land,varies,5,,,stock FireRed; levels 31-31
SPECIES_PARASECT,,wild,SAFARI_ZONE_CENTER,land,varies,5,,,stock FireRed; levels 30-30
SPECIES_VENONAT,,wild,SAFARI_ZONE_CENTER,land,varies,4,,,stock FireRed; levels 22-22
SPECIES_SCYTHER,,wild,SAFARI_ZONE_CENTER,land,varies,4,,,stock FireRed; levels 23-23
SPECIES_VENONAT,,wild,SAFARI_ZONE_CENTER,land,varies,1,,,stock FireRed; levels 22-22
SPECIES_CHANSEY,,wild,SAFARI_ZONE_CENTER,land,varies,1,,,stock FireRed; levels 23-23
SPECIES_PSYDUCK,,wild,SAFARI_ZONE_CENTER,water,varies,60,,,stock FireRed; levels 20-25
SPECIES_PSYDUCK,,wild,SAFARI_ZONE_CENTER,water,varies,30,,,stock FireRed; levels 20-25
SPECIES_PSYDUCK,,wild,SAFARI_ZONE_CENTER,water,varies,5,,,stock FireRed; levels 25-30
SPECIES_PSYDUCK,,wild,SAFARI_ZONE_CENTER,water,varies,4,,,stock FireRed; levels 30-35
SPECIES_PSYDUCK,,wild,SAFARI_ZONE_CENTER,water,varies,1,,,stock FireRed; levels 35-40
SPECIES_MAGIKARP,,wild,SAFARI_ZONE_CENTER,fishing,varies,70,,,stock FireRed; levels 5-5
SPECIES_MAGIKARP,,wild,SAFARI_ZONE_CENTER,fishing,varies,30,,,stock FireRed; levels 5-5
SPECIES_GOLDEEN,,wild,SAFARI_ZONE_CENTER,fishing,varies,60,,,stock FireRed; levels 5-15
SPECIES_MAGIKARP,,wild,SAFARI_ZONE_CENTER,fishing,varies,20,,,stock FireRed; levels 5-15
SPECIES_POLIWAG,,wild,SAFARI_ZONE_CENTER,fishing,varies,20,,,stock FireRed; levels 5-15
SPECIES_GOLDEEN,,wild,SAFARI_ZONE_CENTER,fishing,varies,40,,,stock FireRed; levels 15-25
SPECIES_SEAKING,,wild,SAFARI_ZONE_CENTER,fishing,varies,40,,,stock FireRed; levels 20-30
SPECIES_DRATINI,,wild,SAFARI_ZONE_CENTER,fishing,varies,15,,,stock FireRed; levels 15-25
SPECIES_PSYDUCK,,wild,SAFARI_ZONE_CENTER,fishing,varies,4,,,stock FireRed; levels 15-35
SPECIES_DRAGONAIR,,wild,SAFARI_ZONE_CENTER,fishing,varies,1,,,stock FireRed; levels 25-35
SPECIES_NIDORAN_M,,wild,SAFARI_ZONE_EAST,land,varies,20,,,stock FireRed; levels 24-24
SPECIES_DODUO,,wild,SAFARI_ZONE_EAST,land,varies,20,,,stock FireRed; levels 26-26
SPECIES_EXEGGCUTE,,wild,SAFARI_ZONE_EAST,land,varies,10,,,stock FireRed; levels 23-23
SPECIES_EXEGGCUTE,,wild,SAFARI_ZONE_EAST,land,varies,10,,,stock FireRed; levels 25-25
SPECIES_PARAS,,wild,SAFARI_ZONE_EAST,land,varies,10,,,stock FireRed; levels 22-22
SPECIES_NIDORINO,,wild,SAFARI_ZONE_EAST,land,varies,10,,,stock FireRed; levels 33-33
SPECIES_NIDORAN_F,,wild,SAFARI_ZONE_EAST,land,varies,5,,,stock FireRed; levels 24-24
SPECIES_PARASECT,,wild,SAFARI_ZONE_EAST,land,varies,5,,,stock FireRed; levels 25-25
SPECIES_PARAS,,wild,SAFARI_ZONE_EAST,land,varies,4,,,stock FireRed; levels 22-22
SPECIES_KANGASKHAN,,wild,SAFARI_ZONE_EAST,land,varies,4,,,stock FireRed; levels 25-25
SPECIES_PARAS,,wild,SAFARI_ZONE_EAST,land,varies,1,,,stock FireRed; levels 22-22
SPECIES_SCYTHER,,wild,SAFARI_ZONE_EAST,land,varies,1,,,stock FireRed; levels 28-28
SPECIES_PSYDUCK,,wild,SAFARI_ZONE_EAST,water,varies,60,,,stock FireRed; levels 20-25
SPECIES_PSYDUCK,,wild,SAFARI_ZONE_EAST,water,varies,30,,,stock FireRed; levels 20-25
SPECIES_PSYDUCK,,wild,SAFARI_ZONE_EAST,water,varies,5,,,stock FireRed; levels 25-30
SPECIES_PSYDUCK,,wild,SAFARI_ZONE_EAST,water,varies,4,,,stock FireRed; levels 30-35
SPECIES_PSYDUCK,,wild,SAFARI_ZONE_EAST,water,varies,1,,,stock FireRed; levels 35-40
SPECIES_MAGIKARP,,wild,SAFARI_ZONE_EAST,fishing,varies,70,,,stock FireRed; levels 5-5
SPECIES_MAGIKARP,,wild,SAFARI_ZONE_EAST,fishing,varies,30,,,stock FireRed; levels 5-5
SPECIES_GOLDEEN,,wild,SAFARI_ZONE_EAST,fishing,varies,60,,,stock FireRed; levels 5-15
SPECIES_MAGIKARP,,wild,SAFARI_ZONE_EAST,fishing,varies,20,,,stock FireRed; levels 5-15
SPECIES_POLIWAG,,wild,SAFARI_ZONE_EAST,fishing,varies,20,,,stock FireRed; levels 5-15
SPECIES_GOLDEEN,,wild,SAFARI_ZONE_EAST,fishing,varies,40,,,stock FireRed; levels 15-25
SPECIES_SEAKING,,wild,SAFARI_ZONE_EAST,fishing,varies,40,,,stock FireRed; levels 20-30
SPECIES_DRATINI,,wild,SAFARI_ZONE_EAST,fishing,varies,15,,,stock FireRed; levels 15-25
SPECIES_PSYDUCK,,wild,SAFARI_ZONE_EAST,fishing,varies,4,,,stock FireRed; levels 15-35
SPECIES_DRAGONAIR,,wild,SAFARI_ZONE_EAST,fishing,varies,1,,,stock FireRed; levels 25-35
SPECIES_RHYHORN,,wild,SAFARI_ZONE_NORTH,land,varies,20,,,stock FireRed; levels 26-26
SPECIES_NIDORAN_M,,wild,SAFARI_ZONE_NORTH,land,varies,20,,,stock FireRed; levels 30-30
SPECIES_EXEGGCUTE,,wild,SAFARI_ZONE_NORTH,land,varies,10,,,stock FireRed; levels 25-25
SPECIES_EXEGGCUTE,,wild,SAFARI_ZONE_NORTH,land,varies,10,,,stock FireRed; levels 27-27
SPECIES_PARAS,,wild,SAFARI_ZONE_NORTH,land,varies,10,,,stock FireRed; levels 23-23
SPECIES_NIDORINO,,wild,SAFARI_ZONE_NORTH,land,varies,10,,,stock FireRed; levels 30-30
SPECIES_NIDORINA,,wild,SAFARI_ZONE_NORTH,land,varies,5,,,stock FireRed; levels 30-30
SPECIES_VENOMOTH,,wild,SAFARI_ZONE_NORTH,land,varies,5,,,stock FireRed; levels 32-32
SPECIES_PARAS,,wild,SAFARI_ZONE_NORTH,land,varies,4,,,stock FireRed; levels 23-23
SPECIES_CHANSEY,,wild,SAFARI_ZONE_NORTH,land,varies,4,,,stock FireRed; levels 26-26
SPECIES_PARAS,,wild,SAFARI_ZONE_NORTH,land,varies,1,,,stock FireRed; levels 23-23
SPECIES_TAUROS,,wild,SAFARI_ZONE_NORTH,land,varies,1,,,stock FireRed; levels 28-28
SPECIES_PSYDUCK,,wild,SAFARI_ZONE_NORTH,water,varies,60,,,stock FireRed; levels 20-25
SPECIES_PSYDUCK,,wild,SAFARI_ZONE_NORTH,water,varies,30,,,stock FireRed; levels 20-25
SPECIES_PSYDUCK,,wild,SAFARI_ZONE_NORTH,water,varies,5,,,stock FireRed; levels 25-30
SPECIES_PSYDUCK,,wild,SAFARI_ZONE_NORTH,water,varies,4,,,stock FireRed; levels 30-35
SPECIES_PSYDUCK,,wild,SAFARI_ZONE_NORTH,water,varies,1,,,stock FireRed; levels 35-40
SPECIES_MAGIKARP,,wild,SAFARI_ZONE_NORTH,fishing,varies,70,,,stock FireRed; levels 5-5
SPECIES_MAGIKARP,,wild,SAFARI_ZONE_NORTH,fishing,varies,30,,,stock FireRed; levels 5-5
SPECIES_GOLDEEN,,wild,SAFARI_ZONE_NORTH,fishing,varies,60,,,stock FireRed; levels 5-15
SPECIES_MAGIKARP,,wild,SAFARI_ZONE_NORTH,fishing,varies,20,,,stock FireRed; levels 5-15
SPECIES_POLIWAG,,wild,SAFARI_ZONE_NORTH,fishing,varies,20,,,stock FireRed; levels 5-15
SPECIES_GOLDEEN,,wild,SAFARI_ZONE_NORTH,fishing,varies,40,,,stock FireRed; levels 15-25
SPECIES_SEAKING,,wild,SAFARI_ZONE_NORTH,fishing,varies,40,,,stock FireRed; levels 20-30
SPECIES_DRATINI,,wild,SAFARI_ZONE_NORTH,fishing,varies,15,,,stock FireRed; levels 15-25
SPECIES_PSYDUCK,,wild,SAFARI_ZONE_NORTH,fishing,varies,4,,,stock FireRed; levels 15-35
SPECIES_DRAGONAIR,,wild,SAFARI_ZONE_NORTH,fishing,varies,1,,,stock FireRed; levels 25-35
SPECIES_DODUO,,wild,SAFARI_ZONE_WEST,land,varies,20,,,stock FireRed; levels 26-26
SPECIES_NIDORAN_M,,wild,SAFARI_ZONE_WEST,land,varies,20,,,stock FireRed; levels 22-22
SPECIES_EXEGGCUTE,,wild,SAFARI_ZONE_WEST,land,varies,10,,,stock FireRed; levels 25-25
SPECIES_EXEGGCUTE,,wild,SAFARI_ZONE_WEST,land,varies,10,,,stock FireRed; levels 27-27
SPECIES_VENONAT,,wild,SAFARI_ZONE_WEST,land,varies,10,,,stock FireRed; levels 23-23
SPECIES_NIDORINO,,wild,SAFARI_ZONE_WEST,land,varies,10,,,stock FireRed; levels 30-30
SPECIES_NIDORAN_F,,wild,SAFARI_ZONE_WEST,land,varies,5,,,stock FireRed; levels 30-30
SPECIES_VENOMOTH,,wild,SAFARI_ZONE_WEST,land,varies,5,,,stock FireRed; levels 32-32
SPECIES_VENONAT,,wild,SAFARI_ZONE_WEST,land,varies,4,,,stock FireRed; levels 23-23
SPECIES_TAUROS,,wild,SAFARI_ZONE_WEST,land,varies,4,,,stock FireRed; levels 25-25
SPECIES_VENONAT,,wild,SAFARI_ZONE_WEST,land,varies,1,,,stock FireRed; levels 23-23
SPECIES_KANGASKHAN,,wild,SAFARI_ZONE_WEST,land,varies,1,,,stock FireRed; levels 28-28
SPECIES_PSYDUCK,,wild,SAFARI_ZONE_WEST,water,varies,60,,,stock FireRed; levels 20-25
SPECIES_PSYDUCK,,wild,SAFARI_ZONE_WEST,water,varies,30,,,stock FireRed; levels 20-25
SPECIES_PSYDUCK,,wild,SAFARI_ZONE_WEST,water,varies,5,,,stock FireRed; levels 25-30
SPECIES_PSYDUCK,,wild,SAFARI_ZONE_WEST,water,varies,4,,,stock FireRed; levels 30-35
SPECIES_PSYDUCK,,wild,SAFARI_ZONE_WEST,water,varies,1,,,stock FireRed; levels 35-40
SPECIES_MAGIKARP,,wild,SAFARI_ZONE_WEST,fishing,varies,70,,,stock FireRed; levels 5-5
SPECIES_MAGIKARP,,wild,SAFARI_ZONE_WEST,fishing,varies,30,,,stock FireRed; levels 5-5
SPECIES_GOLDEEN,,wild,SAFARI_ZONE_WEST,fishing,varies,60,,,stock FireRed; levels 5-15
SPECIES_MAGIKARP,,wild,SAFARI_ZONE_WEST,fishing,varies,20,,,stock FireRed; levels 5-15
SPECIES_POLIWAG,,wild,SAFARI_ZONE_WEST,fishing,varies,20,,,stock FireRed; levels 5-15
SPECIES_GOLDEEN,,wild,SAFARI_ZONE_WEST,fishing,varies,40,,,stock FireRed; levels 15-25
SPECIES_SEAKING,,wild,SAFARI_ZONE_WEST,fishing,varies,40,,,stock FireRed; levels 20-30
SPECIES_DRATINI,,wild,SAFARI_ZONE_WEST,fishing,varies,15,,,stock FireRed; levels 15-25
SPECIES_PSYDUCK,,wild,SAFARI_ZONE_WEST,fishing,varies,4,,,stock FireRed; levels 15-35
SPECIES_DRAGONAIR,,wild,SAFARI_ZONE_WEST,fishing,varies,1,,,stock FireRed; levels 25-35
SPECIES_MAGNETON,,wild,CERULEAN_CAVE_1F,land,varies,20,,,stock FireRed; levels 49-49
SPECIES_PARASECT,,wild,CERULEAN_CAVE_1F,land,varies,20,,,stock FireRed; levels 49-49
SPECIES_GOLBAT,,wild,CERULEAN_CAVE_1F,land,varies,10,,,stock FireRed; levels 46-46
SPECIES_MACHOKE,,wild,CERULEAN_CAVE_1F,land,varies,10,,,stock FireRed; levels 46-46
SPECIES_PRIMEAPE,,wild,CERULEAN_CAVE_1F,land,varies,10,,,stock FireRed; levels 52-52
SPECIES_DITTO,,wild,CERULEAN_CAVE_1F,land,varies,10,,,stock FireRed; levels 52-52
SPECIES_ELECTRODE,,wild,CERULEAN_CAVE_1F,land,varies,5,,,stock FireRed; levels 58-58
SPECIES_PARASECT,,wild,CERULEAN_CAVE_1F,land,varies,5,,,stock FireRed; levels 58-58
SPECIES_GOLBAT,,wild,CERULEAN_CAVE_1F,land,varies,4,,,stock FireRed; levels 55-55
SPECIES_WOBBUFFET,,wild,CERULEAN_CAVE_1F,land,varies,4,,,stock FireRed; levels 55-55
SPECIES_PRIMEAPE,,wild,CERULEAN_CAVE_1F,land,varies,1,,,stock FireRed; levels 61-61
SPECIES_DITTO,,wild,CERULEAN_CAVE_1F,land,varies,1,,,stock FireRed; levels 61-61
SPECIES_PSYDUCK,,wild,CERULEAN_CAVE_1F,water,varies,60,,,stock FireRed; levels 30-40
SPECIES_GOLDUCK,,wild,CERULEAN_CAVE_1F,water,varies,30,,,stock FireRed; levels 40-50
SPECIES_GOLDUCK,,wild,CERULEAN_CAVE_1F,water,varies,5,,,stock FireRed; levels 45-55
SPECIES_PSYDUCK,,wild,CERULEAN_CAVE_1F,water,varies,4,,,stock FireRed; levels 40-50
SPECIES_PSYDUCK,,wild,CERULEAN_CAVE_1F,water,varies,1,,,stock FireRed; levels 40-50
SPECIES_GEODUDE,,wild,CERULEAN_CAVE_1F,rock_smash,varies,60,,,stock FireRed; levels 30-40
SPECIES_GRAVELER,,wild,CERULEAN_CAVE_1F,rock_smash,varies,30,,,stock FireRed; levels 40-50
SPECIES_GRAVELER,,wild,CERULEAN_CAVE_1F,rock_smash,varies,5,,,stock FireRed; levels 45-55
SPECIES_GEODUDE,,wild,CERULEAN_CAVE_1F,rock_smash,varies,4,,,stock FireRed; levels 40-50
SPECIES_GEODUDE,,wild,CERULEAN_CAVE_1F,rock_smash,varies,1,,,stock FireRed; levels 40-50
SPECIES_MAGIKARP,,wild,CERULEAN_CAVE_1F,fishing,varies,70,,,stock FireRed; levels 5-5
SPECIES_MAGIKARP,,wild,CERULEAN_CAVE_1F,fishing,varies,30,,,stock FireRed; levels 5-5
SPECIES_POLIWAG,,wild,CERULEAN_CAVE_1F,fishing,varies,60,,,stock FireRed; levels 5-15
SPECIES_MAGIKARP,,wild,CERULEAN_CAVE_1F,fishing,varies,20,,,stock FireRed; levels 5-15
SPECIES_GOLDEEN,,wild,CERULEAN_CAVE_1F,fishing,varies,20,,,stock FireRed; levels 5-15
SPECIES_POLIWAG,,wild,CERULEAN_CAVE_1F,fishing,varies,40,,,stock FireRed; levels 15-25
SPECIES_POLIWHIRL,,wild,CERULEAN_CAVE_1F,fishing,varies,40,,,stock FireRed; levels 20-30
SPECIES_GYARADOS,,wild,CERULEAN_CAVE_1F,fishing,varies,15,,,stock FireRed; levels 15-25
SPECIES_PSYDUCK,,wild,CERULEAN_CAVE_1F,fishing,varies,4,,,stock FireRed; levels 15-25
SPECIES_PSYDUCK,,wild,CERULEAN_CAVE_1F,fishing,varies,1,,,stock FireRed; levels 25-35
SPECIES_GOLBAT,,wild,CERULEAN_CAVE_2F,land,varies,20,,,stock FireRed; levels 49-49
SPECIES_MACHOKE,,wild,CERULEAN_CAVE_2F,land,varies,20,,,stock FireRed; levels 49-49
SPECIES_MAGNETON,,wild,CERULEAN_CAVE_2F,land,varies,10,,,stock FireRed; levels 52-52
SPECIES_PARASECT,,wild,CERULEAN_CAVE_2F,land,varies,10,,,stock FireRed; levels 52-52
SPECIES_KADABRA,,wild,CERULEAN_CAVE_2F,land,varies,10,,,stock FireRed; levels 55-55
SPECIES_DITTO,,wild,CERULEAN_CAVE_2F,land,varies,10,,,stock FireRed; levels 55-55
SPECIES_GOLBAT,,wild,CERULEAN_CAVE_2F,land,varies,5,,,stock FireRed; levels 58-58
SPECIES_WOBBUFFET,,wild,CERULEAN_CAVE_2F,land,varies,5,,,stock FireRed; levels 58-58
SPECIES_ELECTRODE,,wild,CERULEAN_CAVE_2F,land,varies,4,,,stock FireRed; levels 61-61
SPECIES_PARASECT,,wild,CERULEAN_CAVE_2F,land,varies,4,,,stock FireRed; levels 61-61
SPECIES_KADABRA,,wild,CERULEAN_CAVE_2F,land,varies,1,,,stock FireRed; levels 64-64
SPECIES_DITTO,,wild,CERULEAN_CAVE_2F,land,varies,1,,,stock FireRed; levels 64-64
SPECIES_GEODUDE,,wild,CERULEAN_CAVE_2F,rock_smash,varies,60,,,stock FireRed; levels 35-45
SPECIES_GRAVELER,,wild,CERULEAN_CAVE_2F,rock_smash,varies,30,,,stock FireRed; levels 45-55
SPECIES_GRAVELER,,wild,CERULEAN_CAVE_2F,rock_smash,varies,5,,,stock FireRed; levels 50-60
SPECIES_GEODUDE,,wild,CERULEAN_CAVE_2F,rock_smash,varies,4,,,stock FireRed; levels 45-55
SPECIES_GEODUDE,,wild,CERULEAN_CAVE_2F,rock_smash,varies,1,,,stock FireRed; levels 45-55
SPECIES_KADABRA,,wild,CERULEAN_CAVE_B1F,land,varies,20,,,stock FireRed; levels 58-58
SPECIES_DITTO,,wild,CERULEAN_CAVE_B1F,land,varies,20,,,stock FireRed; levels 58-58
SPECIES_MAGNETON,,wild,CERULEAN_CAVE_B1F,land,varies,10,,,stock FireRed; levels 55-55
SPECIES_PARASECT,,wild,CERULEAN_CAVE_B1F,land,varies,10,,,stock FireRed; levels 55-55
SPECIES_GOLBAT,,wild,CERULEAN_CAVE_B1F,land,varies,10,,,stock FireRed; levels 52-52
SPECIES_MACHOKE,,wild,CERULEAN_CAVE_B1F,land,varies,10,,,stock FireRed; levels 52-52
SPECIES_KADABRA,,wild,CERULEAN_CAVE_B1F,land,varies,5,,,stock FireRed; levels 67-67
SPECIES_DITTO,,wild,CERULEAN_CAVE_B1F,land,varies,5,,,stock FireRed; levels 67-67
SPECIES_ELECTRODE,,wild,CERULEAN_CAVE_B1F,land,varies,4,,,stock FireRed; levels 64-64
SPECIES_PARASECT,,wild,CERULEAN_CAVE_B1F,land,varies,4,,,stock FireRed; levels 64-64
SPECIES_GOLBAT,,wild,CERULEAN_CAVE_B1F,land,varies,1,,,stock FireRed; levels 61-61
SPECIES_WOBBUFFET,,wild,CERULEAN_CAVE_B1F,land,varies,1,,,stock FireRed; levels 61-61
SPECIES_PSYDUCK,,wild,CERULEAN_CAVE_B1F,water,varies,60,,,stock FireRed; levels 40-50
SPECIES_GOLDUCK,,wild,CERULEAN_CAVE_B1F,water,varies,30,,,stock FireRed; levels 50-60
SPECIES_GOLDUCK,,wild,CERULEAN_CAVE_B1F,water,varies,5,,,stock FireRed; levels 55-65
SPECIES_PSYDUCK,,wild,CERULEAN_CAVE_B1F,water,varies,4,,,stock FireRed; levels 50-60
SPECIES_PSYDUCK,,wild,CERULEAN_CAVE_B1F,water,varies,1,,,stock FireRed; levels 50-60
SPECIES_GEODUDE,,wild,CERULEAN_CAVE_B1F,rock_smash,varies,60,,,stock FireRed; levels 40-50
SPECIES_GRAVELER,,wild,CERULEAN_CAVE_B1F,rock_smash,varies,30,,,stock FireRed; levels 50-60
SPECIES_GRAVELER,,wild,CERULEAN_CAVE_B1F,rock_smash,varies,5,,,stock FireRed; levels 55-65
SPECIES_GEODUDE,,wild,CERULEAN_CAVE_B1F,rock_smash,varies,4,,,stock FireRed; levels 50-60
SPECIES_GEODUDE,,wild,CERULEAN_CAVE_B1F,rock_smash,varies,1,,,stock FireRed; levels 50-60
SPECIES_MAGIKARP,,wild,CERULEAN_CAVE_B1F,fishing,varies,70,,,stock FireRed; levels 5-5
SPECIES_MAGIKARP,,wild,CERULEAN_CAVE_B1F,fishing,varies,30,,,stock FireRed; levels 5-5
SPECIES_POLIWAG,,wild,CERULEAN_CAVE_B1F,fishing,varies,60,,,stock FireRed; levels 5-15
SPECIES_MAGIKARP,,wild,CERULEAN_CAVE_B1F,fishing,varies,20,,,stock FireRed; levels 5-15
SPECIES_GOLDEEN,,wild,CERULEAN_CAVE_B1F,fishing,varies,20,,,stock FireRed; levels 5-15
SPECIES_POLIWAG,,wild,CERULEAN_CAVE_B1F,fishing,varies,40,,,stock FireRed; levels 15-25
SPECIES_POLIWHIRL,,wild,CERULEAN_CAVE_B1F,fishing,varies,40,,,stock FireRed; levels 20-30
SPECIES_GYARADOS,,wild,CERULEAN_CAVE_B1F,fishing,varies,15,,,stock FireRed; levels 15-25
SPECIES_PSYDUCK,,wild,CERULEAN_CAVE_B1F,fishing,varies,4,,,stock FireRed; levels 15-25
SPECIES_GYARADOS,,wild,CERULEAN_CAVE_B1F,fishing,varies,1,,,stock FireRed; levels 25-35
SPECIES_ZUBAT,,wild,ROCK_TUNNEL_1F,land,varies,20,,,stock FireRed; levels 15-15
SPECIES_GEODUDE,,wild,ROCK_TUNNEL_1F,land,varies,20,,,stock FireRed; levels 16-16
SPECIES_MANKEY,,wild,ROCK_TUNNEL_1F,land,varies,10,,,stock FireRed; levels 16-16
SPECIES_GEODUDE,,wild,ROCK_TUNNEL_1F,land,varies,10,,,stock FireRed; levels 17-17
SPECIES_ZUBAT,,wild,ROCK_TUNNEL_1F,land,varies,10,,,stock FireRed; levels 16-16
SPECIES_MACHOP,,wild,ROCK_TUNNEL_1F,land,varies,10,,,stock FireRed; levels 16-16
SPECIES_MANKEY,,wild,ROCK_TUNNEL_1F,land,varies,5,,,stock FireRed; levels 17-17
SPECIES_MACHOP,,wild,ROCK_TUNNEL_1F,land,varies,5,,,stock FireRed; levels 17-17
SPECIES_GEODUDE,,wild,ROCK_TUNNEL_1F,land,varies,4,,,stock FireRed; levels 15-15
SPECIES_ONIX,,wild,ROCK_TUNNEL_1F,land,varies,4,,,stock FireRed; levels 13-13
SPECIES_GEODUDE,,wild,ROCK_TUNNEL_1F,land,varies,1,,,stock FireRed; levels 15-15
SPECIES_ONIX,,wild,ROCK_TUNNEL_1F,land,varies,1,,,stock FireRed; levels 15-15
SPECIES_ZUBAT,,wild,ROCK_TUNNEL_B1F,land,varies,20,,,stock FireRed; levels 16-16
SPECIES_GEODUDE,,wild,ROCK_TUNNEL_B1F,land,varies,20,,,stock FireRed; levels 17-17
SPECIES_MANKEY,,wild,ROCK_TUNNEL_B1F,land,varies,10,,,stock FireRed; levels 17-17
SPECIES_GEODUDE,,wild,ROCK_TUNNEL_B1F,land,varies,10,,,stock FireRed; levels 16-16
SPECIES_ZUBAT,,wild,ROCK_TUNNEL_B1F,land,varies,10,,,stock FireRed; levels 15-15
SPECIES_MACHOP,,wild,ROCK_TUNNEL_B1F,land,varies,10,,,stock FireRed; levels 17-17
SPECIES_MANKEY,,wild,ROCK_TUNNEL_B1F,land,varies,5,,,stock FireRed; levels 16-16
SPECIES_ONIX,,wild,ROCK_TUNNEL_B1F,land,varies,5,,,stock FireRed; levels 13-13
SPECIES_GEODUDE,,wild,ROCK_TUNNEL_B1F,land,varies,4,,,stock FireRed; levels 15-15
SPECIES_ONIX,,wild,ROCK_TUNNEL_B1F,land,varies,4,,,stock FireRed; levels 15-15
SPECIES_GEODUDE,,wild,ROCK_TUNNEL_B1F,land,varies,1,,,stock FireRed; levels 15-15
SPECIES_ONIX,,wild,ROCK_TUNNEL_B1F,land,varies,1,,,stock FireRed; levels 17-17
SPECIES_GEODUDE,,wild,ROCK_TUNNEL_B1F,rock_smash,varies,60,,,stock FireRed; levels 5-20
SPECIES_GEODUDE,,wild,ROCK_TUNNEL_B1F,rock_smash,varies,30,,,stock FireRed; levels 10-20
SPECIES_GEODUDE,,wild,ROCK_TUNNEL_B1F,rock_smash,varies,5,,,stock FireRed; levels 15-30
SPECIES_GRAVELER,,wild,ROCK_TUNNEL_B1F,rock_smash,varies,4,,,stock FireRed; levels 25-40
SPECIES_GRAVELER,,wild,ROCK_TUNNEL_B1F,rock_smash,varies,1,,,stock FireRed; levels 30-40
SPECIES_PSYDUCK,,wild,SEAFOAM_ISLANDS_1F,land,varies,20,,,stock FireRed; levels 27-27
SPECIES_PSYDUCK,,wild,SEAFOAM_ISLANDS_1F,land,varies,20,,,stock FireRed; levels 29-29
SPECIES_PSYDUCK,,wild,SEAFOAM_ISLANDS_1F,land,varies,10,,,stock FireRed; levels 31-31
SPECIES_ZUBAT,,wild,SEAFOAM_ISLANDS_1F,land,varies,10,,,stock FireRed; levels 22-22
SPECIES_ZUBAT,,wild,SEAFOAM_ISLANDS_1F,land,varies,10,,,stock FireRed; levels 22-22
SPECIES_ZUBAT,,wild,SEAFOAM_ISLANDS_1F,land,varies,10,,,stock FireRed; levels 24-24
SPECIES_GOLBAT,,wild,SEAFOAM_ISLANDS_1F,land,varies,5,,,stock FireRed; levels 26-26
SPECIES_GOLBAT,,wild,SEAFOAM_ISLANDS_1F,land,varies,5,,,stock FireRed; levels 28-28
SPECIES_PSYDUCK,,wild,SEAFOAM_ISLANDS_1F,land,varies,4,,,stock FireRed; levels 33-33
SPECIES_ZUBAT,,wild,SEAFOAM_ISLANDS_1F,land,varies,4,,,stock FireRed; levels 26-26
SPECIES_PSYDUCK,,wild,SEAFOAM_ISLANDS_1F,land,varies,1,,,stock FireRed; levels 26-26
SPECIES_GOLBAT,,wild,SEAFOAM_ISLANDS_1F,land,varies,1,,,stock FireRed; levels 30-30
SPECIES_PSYDUCK,,wild,SEAFOAM_ISLANDS_B1F,land,varies,20,,,stock FireRed; levels 29-29
SPECIES_PSYDUCK,,wild,SEAFOAM_ISLANDS_B1F,land,varies,20,,,stock FireRed; levels 31-31
SPECIES_SEEL,,wild,SEAFOAM_ISLANDS_B1F,land,varies,10,,,stock FireRed; levels 28-28
SPECIES_ZUBAT,,wild,SEAFOAM_ISLANDS_B1F,land,varies,10,,,stock FireRed; levels 22-22
SPECIES_ZUBAT,,wild,SEAFOAM_ISLANDS_B1F,land,varies,10,,,stock FireRed; levels 22-22
SPECIES_ZUBAT,,wild,SEAFOAM_ISLANDS_B1F,land,varies,10,,,stock FireRed; levels 24-24
SPECIES_GOLBAT,,wild,SEAFOAM_ISLANDS_B1F,land,varies,5,,,stock FireRed; levels 26-26
SPECIES_GOLBAT,,wild,SEAFOAM_ISLANDS_B1F,land,varies,5,,,stock FireRed; levels 28-28
SPECIES_GOLDUCK,,wild,SEAFOAM_ISLANDS_B1F,land,varies,4,,,stock FireRed; levels 33-33
SPECIES_ZUBAT,,wild,SEAFOAM_ISLANDS_B1F,land,varies,4,,,stock FireRed; levels 26-26
SPECIES_GOLDUCK,,wild,SEAFOAM_ISLANDS_B1F,land,varies,1,,,stock FireRed; levels 35-35
SPECIES_GOLBAT,,wild,SEAFOAM_ISLANDS_B1F,land,varies,1,,,stock FireRed; levels 30-30
SPECIES_PSYDUCK,,wild,SEAFOAM_ISLANDS_B2F,land,varies,20,,,stock FireRed; levels 30-30
SPECIES_PSYDUCK,,wild,SEAFOAM_ISLANDS_B2F,land,varies,20,,,stock FireRed; levels 32-32
SPECIES_SEEL,,wild,SEAFOAM_ISLANDS_B2F,land,varies,10,,,stock FireRed; levels 30-30
SPECIES_SEEL,,wild,SEAFOAM_ISLANDS_B2F,land,varies,10,,,stock FireRed; levels 32-32
SPECIES_ZUBAT,,wild,SEAFOAM_ISLANDS_B2F,land,varies,10,,,stock FireRed; levels 22-22
SPECIES_ZUBAT,,wild,SEAFOAM_ISLANDS_B2F,land,varies,10,,,stock FireRed; levels 24-24
SPECIES_GOLBAT,,wild,SEAFOAM_ISLANDS_B2F,land,varies,5,,,stock FireRed; levels 26-26
SPECIES_GOLDUCK,,wild,SEAFOAM_ISLANDS_B2F,land,varies,5,,,stock FireRed; levels 34-34
SPECIES_GOLDUCK,,wild,SEAFOAM_ISLANDS_B2F,land,varies,4,,,stock FireRed; levels 32-32
SPECIES_GOLBAT,,wild,SEAFOAM_ISLANDS_B2F,land,varies,4,,,stock FireRed; levels 28-28
SPECIES_GOLDUCK,,wild,SEAFOAM_ISLANDS_B2F,land,varies,1,,,stock FireRed; levels 32-32
SPECIES_GOLBAT,,wild,SEAFOAM_ISLANDS_B2F,land,varies,1,,,stock FireRed; levels 30-30
SPECIES_SEEL,,wild,SEAFOAM_ISLANDS_B3F,land,varies,20,,,stock FireRed; levels 30-30
SPECIES_SEEL,,wild,SEAFOAM_ISLANDS_B3F,land,varies,20,,,stock FireRed; levels 32-32
SPECIES_PSYDUCK,,wild,SEAFOAM_ISLANDS_B3F,land,varies,10,,,stock FireRed; levels 32-32
SPECIES_PSYDUCK,,wild,SEAFOAM_ISLANDS_B3F,land,varies,10,,,stock FireRed; levels 30-30
SPECIES_GOLDUCK,,wild,SEAFOAM_ISLANDS_B3F,land,varies,10,,,stock FireRed; levels 32-32
SPECIES_ZUBAT,,wild,SEAFOAM_ISLANDS_B3F,land,varies,10,,,stock FireRed; levels 24-24
SPECIES_GOLBAT,,wild,SEAFOAM_ISLANDS_B3F,land,varies,5,,,stock FireRed; levels 26-26
SPECIES_GOLDUCK,,wild,SEAFOAM_ISLANDS_B3F,land,varies,5,,,stock FireRed; levels 34-34
SPECIES_DEWGONG,,wild,SEAFOAM_ISLANDS_B3F,land,varies,4,,,stock FireRed; levels 32-32
SPECIES_GOLBAT,,wild,SEAFOAM_ISLANDS_B3F,land,varies,4,,,stock FireRed; levels 28-28
SPECIES_DEWGONG,,wild,SEAFOAM_ISLANDS_B3F,land,varies,1,,,stock FireRed; levels 34-34
SPECIES_GOLBAT,,wild,SEAFOAM_ISLANDS_B3F,land,varies,1,,,stock FireRed; levels 30-30
SPECIES_SEEL,,wild,SEAFOAM_ISLANDS_B3F,water,varies,60,,,stock FireRed; levels 25-35
SPECIES_HORSEA,,wild,SEAFOAM_ISLANDS_B3F,water,varies,30,,,stock FireRed; levels 25-30
SPECIES_DEWGONG,,wild,SEAFOAM_ISLANDS_B3F,water,varies,5,,,stock FireRed; levels 35-40
SPECIES_PSYDUCK,,wild,SEAFOAM_ISLANDS_B3F,water,varies,4,,,stock FireRed; levels 30-40
SPECIES_GOLDUCK,,wild,SEAFOAM_ISLANDS_B3F,water,varies,1,,,stock FireRed; levels 35-40
SPECIES_MAGIKARP,,wild,SEAFOAM_ISLANDS_B3F,fishing,varies,70,,,stock FireRed; levels 5-5
SPECIES_MAGIKARP,,wild,SEAFOAM_ISLANDS_B3F,fishing,varies,30,,,stock FireRed; levels 5-5
SPECIES_HORSEA,,wild,SEAFOAM_ISLANDS_B3F,fishing,varies,60,,,stock FireRed; levels 5-15
SPECIES_MAGIKARP,,wild,SEAFOAM_ISLANDS_B3F,fishing,varies,20,,,stock FireRed; levels 5-15
SPECIES_KRABBY,,wild,SEAFOAM_ISLANDS_B3F,fishing,varies,20,,,stock FireRed; levels 5-15
SPECIES_HORSEA,,wild,SEAFOAM_ISLANDS_B3F,fishing,varies,40,,,stock FireRed; levels 15-25
SPECIES_HORSEA,,wild,SEAFOAM_ISLANDS_B3F,fishing,varies,40,,,stock FireRed; levels 20-30
SPECIES_GYARADOS,,wild,SEAFOAM_ISLANDS_B3F,fishing,varies,15,,,stock FireRed; levels 15-25
SPECIES_PSYDUCK,,wild,SEAFOAM_ISLANDS_B3F,fishing,varies,4,,,stock FireRed; levels 15-25
SPECIES_GYARADOS,,wild,SEAFOAM_ISLANDS_B3F,fishing,varies,1,,,stock FireRed; levels 25-35
SPECIES_SEEL,,wild,SEAFOAM_ISLANDS_B4F,land,varies,20,,,stock FireRed; levels 30-30
SPECIES_SEEL,,wild,SEAFOAM_ISLANDS_B4F,land,varies,20,,,stock FireRed; levels 32-32
SPECIES_PSYDUCK,,wild,SEAFOAM_ISLANDS_B4F,land,varies,10,,,stock FireRed; levels 32-32
SPECIES_SEEL,,wild,SEAFOAM_ISLANDS_B4F,land,varies,10,,,stock FireRed; levels 34-34
SPECIES_GOLDUCK,,wild,SEAFOAM_ISLANDS_B4F,land,varies,10,,,stock FireRed; levels 32-32
SPECIES_GOLBAT,,wild,SEAFOAM_ISLANDS_B4F,land,varies,10,,,stock FireRed; levels 26-26
SPECIES_DEWGONG,,wild,SEAFOAM_ISLANDS_B4F,land,varies,5,,,stock FireRed; levels 34-34
SPECIES_GOLDUCK,,wild,SEAFOAM_ISLANDS_B4F,land,varies,5,,,stock FireRed; levels 34-34
SPECIES_DEWGONG,,wild,SEAFOAM_ISLANDS_B4F,land,varies,4,,,stock FireRed; levels 36-36
SPECIES_GOLBAT,,wild,SEAFOAM_ISLANDS_B4F,land,varies,4,,,stock FireRed; levels 28-28
SPECIES_DEWGONG,,wild,SEAFOAM_ISLANDS_B4F,land,varies,1,,,stock FireRed; levels 36-36
SPECIES_GOLBAT,,wild,SEAFOAM_ISLANDS_B4F,land,varies,1,,,stock FireRed; levels 30-30
SPECIES_SEEL,,wild,SEAFOAM_ISLANDS_B4F,water,varies,60,,,stock FireRed; levels 25-35
SPECIES_HORSEA,,wild,SEAFOAM_ISLANDS_B4F,water,varies,30,,,stock FireRed; levels 25-30
SPECIES_DEWGONG,,wild,SEAFOAM_ISLANDS_B4F,water,varies,5,,,stock FireRed; levels 35-40
SPECIES_PSYDUCK,,wild,SEAFOAM_ISLANDS_B4F,water,varies,4,,,stock FireRed; levels 30-40
SPECIES_GOLDUCK,,wild,SEAFOAM_ISLANDS_B4F,water,varies,1,,,stock FireRed; levels 35-40
SPECIES_MAGIKARP,,wild,SEAFOAM_ISLANDS_B4F,fishing,varies,70,,,stock FireRed; levels 5-5
SPECIES_MAGIKARP,,wild,SEAFOAM_ISLANDS_B4F,fishing,varies,30,,,stock FireRed; levels 5-5
SPECIES_HORSEA,,wild,SEAFOAM_ISLANDS_B4F,fishing,varies,60,,,stock FireRed; levels 5-15
SPECIES_MAGIKARP,,wild,SEAFOAM_ISLANDS_B4F,fishing,varies,20,,,stock FireRed; levels 5-15
SPECIES_KRABBY,,wild,SEAFOAM_ISLANDS_B4F,fishing,varies,20,,,stock FireRed; levels 5-15
SPECIES_HORSEA,,wild,SEAFOAM_ISLANDS_B4F,fishing,varies,40,,,stock FireRed; levels 15-25
SPECIES_HORSEA,,wild,SEAFOAM_ISLANDS_B4F,fishing,varies,40,,,stock FireRed; levels 20-30
SPECIES_GYARADOS,,wild,SEAFOAM_ISLANDS_B4F,fishing,varies,15,,,stock FireRed; levels 15-25
SPECIES_PSYDUCK,,wild,SEAFOAM_ISLANDS_B4F,fishing,varies,4,,,stock FireRed; levels 15-25
SPECIES_GYARADOS,,wild,SEAFOAM_ISLANDS_B4F,fishing,varies,1,,,stock FireRed; levels 25-35
SPECIES_GASTLY,,wild,POKEMON_TOWER_3F,land,varies,20,,,stock FireRed; levels 15-15
SPECIES_GASTLY,,wild,POKEMON_TOWER_3F,land,varies,20,,,stock FireRed; levels 16-16
SPECIES_GASTLY,,wild,POKEMON_TOWER_3F,land,varies,10,,,stock FireRed; levels 17-17
SPECIES_GASTLY,,wild,POKEMON_TOWER_3F,land,varies,10,,,stock FireRed; levels 13-13
SPECIES_GASTLY,,wild,POKEMON_TOWER_3F,land,varies,10,,,stock FireRed; levels 14-14
SPECIES_GASTLY,,wild,POKEMON_TOWER_3F,land,varies,10,,,stock FireRed; levels 18-18
SPECIES_GASTLY,,wild,POKEMON_TOWER_3F,land,varies,5,,,stock FireRed; levels 19-19
SPECIES_CUBONE,,wild,POKEMON_TOWER_3F,land,varies,5,,,stock FireRed; levels 15-15
SPECIES_GASTLY,,wild,POKEMON_TOWER_3F,land,varies,4,,,stock FireRed; levels 17-17
SPECIES_CUBONE,,wild,POKEMON_TOWER_3F,land,varies,4,,,stock FireRed; levels 17-17
SPECIES_GASTLY,,wild,POKEMON_TOWER_3F,land,varies,1,,,stock FireRed; levels 17-17
SPECIES_HAUNTER,,wild,POKEMON_TOWER_3F,land,varies,1,,,stock FireRed; levels 20-20
SPECIES_GASTLY,,wild,POKEMON_TOWER_4F,land,varies,20,,,stock FireRed; levels 15-15
SPECIES_GASTLY,,wild,POKEMON_TOWER_4F,land,varies,20,,,stock FireRed; levels 16-16
SPECIES_GASTLY,,wild,POKEMON_TOWER_4F,land,varies,10,,,stock FireRed; levels 17-17
SPECIES_GASTLY,,wild,POKEMON_TOWER_4F,land,varies,10,,,stock FireRed; levels 13-13
SPECIES_GASTLY,,wild,POKEMON_TOWER_4F,land,varies,10,,,stock FireRed; levels 14-14
SPECIES_GASTLY,,wild,POKEMON_TOWER_4F,land,varies,10,,,stock FireRed; levels 18-18
SPECIES_HAUNTER,,wild,POKEMON_TOWER_4F,land,varies,5,,,stock FireRed; levels 20-20
SPECIES_CUBONE,,wild,POKEMON_TOWER_4F,land,varies,5,,,stock FireRed; levels 15-15
SPECIES_GASTLY,,wild,POKEMON_TOWER_4F,land,varies,4,,,stock FireRed; levels 17-17
SPECIES_CUBONE,,wild,POKEMON_TOWER_4F,land,varies,4,,,stock FireRed; levels 17-17
SPECIES_GASTLY,,wild,POKEMON_TOWER_4F,land,varies,1,,,stock FireRed; levels 17-17
SPECIES_GASTLY,,wild,POKEMON_TOWER_4F,land,varies,1,,,stock FireRed; levels 19-19
SPECIES_GASTLY,,wild,POKEMON_TOWER_5F,land,varies,20,,,stock FireRed; levels 15-15
SPECIES_GASTLY,,wild,POKEMON_TOWER_5F,land,varies,20,,,stock FireRed; levels 16-16
SPECIES_GASTLY,,wild,POKEMON_TOWER_5F,land,varies,10,,,stock FireRed; levels 17-17
SPECIES_GASTLY,,wild,POKEMON_TOWER_5F,land,varies,10,,,stock FireRed; levels 13-13
SPECIES_GASTLY,,wild,POKEMON_TOWER_5F,land,varies,10,,,stock FireRed; levels 14-14
SPECIES_GASTLY,,wild,POKEMON_TOWER_5F,land,varies,10,,,stock FireRed; levels 18-18
SPECIES_HAUNTER,,wild,POKEMON_TOWER_5F,land,varies,5,,,stock FireRed; levels 20-20
SPECIES_CUBONE,,wild,POKEMON_TOWER_5F,land,varies,5,,,stock FireRed; levels 15-15
SPECIES_GASTLY,,wild,POKEMON_TOWER_5F,land,varies,4,,,stock FireRed; levels 17-17
SPECIES_CUBONE,,wild,POKEMON_TOWER_5F,land,varies,4,,,stock FireRed; levels 17-17
SPECIES_GASTLY,,wild,POKEMON_TOWER_5F,land,varies,1,,,stock FireRed; levels 17-17
SPECIES_GASTLY,,wild,POKEMON_TOWER_5F,land,varies,1,,,stock FireRed; levels 19-19
SPECIES_GASTLY,,wild,POKEMON_TOWER_6F,land,varies,20,,,stock FireRed; levels 16-16
SPECIES_GASTLY,,wild,POKEMON_TOWER_6F,land,varies,20,,,stock FireRed; levels 17-17
SPECIES_GASTLY,,wild,POKEMON_TOWER_6F,land,varies,10,,,stock FireRed; levels 18-18
SPECIES_GASTLY,,wild,POKEMON_TOWER_6F,land,varies,10,,,stock FireRed; levels 14-14
SPECIES_GASTLY,,wild,POKEMON_TOWER_6F,land,varies,10,,,stock FireRed; levels 15-15
SPECIES_GASTLY,,wild,POKEMON_TOWER_6F,land,varies,10,,,stock FireRed; levels 19-19
SPECIES_HAUNTER,,wild,POKEMON_TOWER_6F,land,varies,5,,,stock FireRed; levels 21-21
SPECIES_CUBONE,,wild,POKEMON_TOWER_6F,land,varies,5,,,stock FireRed; levels 17-17
SPECIES_GASTLY,,wild,POKEMON_TOWER_6F,land,varies,4,,,stock FireRed; levels 18-18
SPECIES_CUBONE,,wild,POKEMON_TOWER_6F,land,varies,4,,,stock FireRed; levels 19-19
SPECIES_GASTLY,,wild,POKEMON_TOWER_6F,land,varies,1,,,stock FireRed; levels 18-18
SPECIES_HAUNTER,,wild,POKEMON_TOWER_6F,land,varies,1,,,stock FireRed; levels 23-23
SPECIES_GASTLY,,wild,POKEMON_TOWER_7F,land,varies,20,,,stock FireRed; levels 16-16
SPECIES_GASTLY,,wild,POKEMON_TOWER_7F,land,varies,20,,,stock FireRed; levels 17-17
SPECIES_GASTLY,,wild,POKEMON_TOWER_7F,land,varies,10,,,stock FireRed; levels 18-18
SPECIES_GASTLY,,wild,POKEMON_TOWER_7F,land,varies,10,,,stock FireRed; levels 15-15
SPECIES_GASTLY,,wild,POKEMON_TOWER_7F,land,varies,10,,,stock FireRed; levels 19-19
SPECIES_HAUNTER,,wild,POKEMON_TOWER_7F,land,varies,10,,,stock FireRed; levels 23-23
SPECIES_CUBONE,,wild,POKEMON_TOWER_7F,land,varies,5,,,stock FireRed; levels 17-17
SPECIES_CUBONE,,wild,POKEMON_TOWER_7F,land,varies,5,,,stock FireRed; levels 19-19
SPECIES_GASTLY,,wild,POKEMON_TOWER_7F,land,varies,4,,,stock FireRed; levels 18-18
SPECIES_HAUNTER,,wild,POKEMON_TOWER_7F,land,varies,4,,,stock FireRed; levels 23-23
SPECIES_GASTLY,,wild,POKEMON_TOWER_7F,land,varies,1,,,stock FireRed; levels 18-18
SPECIES_HAUNTER,,wild,POKEMON_TOWER_7F,land,varies,1,,,stock FireRed; levels 25-25
SPECIES_VOLTORB,,wild,POWER_PLANT,land,varies,20,,,stock FireRed; levels 22-22
SPECIES_MAGNEMITE,,wild,POWER_PLANT,land,varies,20,,,stock FireRed; levels 22-22
SPECIES_VOLTORB,,wild,POWER_PLANT,land,varies,10,,,stock FireRed; levels 25-25
SPECIES_MAGNEMITE,,wild,POWER_PLANT,land,varies,10,,,stock FireRed; levels 25-25
SPECIES_PIKACHU,,wild,POWER_PLANT,land,varies,10,,,stock FireRed; levels 22-22
SPECIES_PIKACHU,,wild,POWER_PLANT,land,varies,10,,,stock FireRed; levels 24-24
SPECIES_MAGNETON,,wild,POWER_PLANT,land,varies,5,,,stock FireRed; levels 31-31
SPECIES_MAGNETON,,wild,POWER_PLANT,land,varies,5,,,stock FireRed; levels 34-34
SPECIES_PIKACHU,,wild,POWER_PLANT,land,varies,4,,,stock FireRed; levels 26-26
SPECIES_ELECTABUZZ,,wild,POWER_PLANT,land,varies,4,,,stock FireRed; levels 32-32
SPECIES_PIKACHU,,wild,POWER_PLANT,land,varies,1,,,stock FireRed; levels 26-26
SPECIES_ELECTABUZZ,,wild,POWER_PLANT,land,varies,1,,,stock FireRed; levels 35-35
SPECIES_PONYTA,,wild,MT_EMBER_EXTERIOR,land,varies,20,,,stock FireRed; levels 30-30
SPECIES_FEAROW,,wild,MT_EMBER_EXTERIOR,land,varies,20,,,stock FireRed; levels 38-38
SPECIES_PONYTA,,wild,MT_EMBER_EXTERIOR,land,varies,10,,,stock FireRed; levels 33-33
SPECIES_SPEAROW,,wild,MT_EMBER_EXTERIOR,land,varies,10,,,stock FireRed; levels 32-32
SPECIES_MACHOP,,wild,MT_EMBER_EXTERIOR,land,varies,10,,,stock FireRed; levels 35-35
SPECIES_GEODUDE,,wild,MT_EMBER_EXTERIOR,land,varies,10,,,stock FireRed; levels 33-33
SPECIES_PONYTA,,wild,MT_EMBER_EXTERIOR,land,varies,5,,,stock FireRed; levels 36-36
SPECIES_FEAROW,,wild,MT_EMBER_EXTERIOR,land,varies,5,,,stock FireRed; levels 40-40
SPECIES_SPEAROW,,wild,MT_EMBER_EXTERIOR,land,varies,4,,,stock FireRed; levels 30-30
SPECIES_RAPIDASH,,wild,MT_EMBER_EXTERIOR,land,varies,4,,,stock FireRed; levels 39-39
SPECIES_SPEAROW,,wild,MT_EMBER_EXTERIOR,land,varies,1,,,stock FireRed; levels 30-30
SPECIES_RAPIDASH,,wild,MT_EMBER_EXTERIOR,land,varies,1,,,stock FireRed; levels 42-42
SPECIES_GEODUDE,,wild,MT_EMBER_EXTERIOR,rock_smash,varies,60,,,stock FireRed; levels 5-20
SPECIES_GEODUDE,,wild,MT_EMBER_EXTERIOR,rock_smash,varies,30,,,stock FireRed; levels 10-20
SPECIES_GEODUDE,,wild,MT_EMBER_EXTERIOR,rock_smash,varies,5,,,stock FireRed; levels 15-30
SPECIES_GRAVELER,,wild,MT_EMBER_EXTERIOR,rock_smash,varies,4,,,stock FireRed; levels 25-40
SPECIES_GRAVELER,,wild,MT_EMBER_EXTERIOR,rock_smash,varies,1,,,stock FireRed; levels 30-40
SPECIES_GEODUDE,,wild,MT_EMBER_SUMMIT_PATH_1F,land,varies,20,,,stock FireRed; levels 33-33
SPECIES_MACHOP,,wild,MT_EMBER_SUMMIT_PATH_1F,land,varies,20,,,stock FireRed; levels 35-35
SPECIES_GEODUDE,,wild,MT_EMBER_SUMMIT_PATH_1F,land,varies,10,,,stock FireRed; levels 29-29
SPECIES_GEODUDE,,wild,MT_EMBER_SUMMIT_PATH_1F,land,varies,10,,,stock FireRed; levels 31-31
SPECIES_MACHOP,,wild,MT_EMBER_SUMMIT_PATH_1F,land,varies,10,,,stock FireRed; levels 31-31
SPECIES_MACHOP,,wild,MT_EMBER_SUMMIT_PATH_1F,land,varies,10,,,stock FireRed; levels 33-33
SPECIES_GEODUDE,,wild,MT_EMBER_SUMMIT_PATH_1F,land,varies,5,,,stock FireRed; levels 35-35
SPECIES_MACHOP,,wild,MT_EMBER_SUMMIT_PATH_1F,land,varies,5,,,stock FireRed; levels 37-37
SPECIES_GEODUDE,,wild,MT_EMBER_SUMMIT_PATH_1F,land,varies,4,,,stock FireRed; levels 37-37
SPECIES_MACHOP,,wild,MT_EMBER_SUMMIT_PATH_1F,land,varies,4,,,stock FireRed; levels 39-39
SPECIES_GEODUDE,,wild,MT_EMBER_SUMMIT_PATH_1F,land,varies,1,,,stock FireRed; levels 37-37
SPECIES_MACHOP,,wild,MT_EMBER_SUMMIT_PATH_1F,land,varies,1,,,stock FireRed; levels 39-39
SPECIES_GEODUDE,,wild,MT_EMBER_SUMMIT_PATH_2F,land,varies,20,,,stock FireRed; levels 34-34
SPECIES_MACHOP,,wild,MT_EMBER_SUMMIT_PATH_2F,land,varies,20,,,stock FireRed; levels 36-36
SPECIES_GEODUDE,,wild,MT_EMBER_SUMMIT_PATH_2F,land,varies,10,,,stock FireRed; levels 30-30
SPECIES_GEODUDE,,wild,MT_EMBER_SUMMIT_PATH_2F,land,varies,10,,,stock FireRed; levels 32-32
SPECIES_MACHOP,,wild,MT_EMBER_SUMMIT_PATH_2F,land,varies,10,,,stock FireRed; levels 32-32
SPECIES_MACHOP,,wild,MT_EMBER_SUMMIT_PATH_2F,land,varies,10,,,stock FireRed; levels 34-34
SPECIES_MACHOKE,,wild,MT_EMBER_SUMMIT_PATH_2F,land,varies,5,,,stock FireRed; levels 38-38
SPECIES_MACHOKE,,wild,MT_EMBER_SUMMIT_PATH_2F,land,varies,5,,,stock FireRed; levels 38-38
SPECIES_MACHOKE,,wild,MT_EMBER_SUMMIT_PATH_2F,land,varies,4,,,stock FireRed; levels 40-40
SPECIES_MACHOKE,,wild,MT_EMBER_SUMMIT_PATH_2F,land,varies,4,,,stock FireRed; levels 40-40
SPECIES_MACHOKE,,wild,MT_EMBER_SUMMIT_PATH_2F,land,varies,1,,,stock FireRed; levels 40-40
SPECIES_MACHOKE,,wild,MT_EMBER_SUMMIT_PATH_2F,land,varies,1,,,stock FireRed; levels 40-40
SPECIES_GEODUDE,,wild,MT_EMBER_SUMMIT_PATH_2F,rock_smash,varies,60,,,stock FireRed; levels 5-20
SPECIES_GEODUDE,,wild,MT_EMBER_SUMMIT_PATH_2F,rock_smash,varies,30,,,stock FireRed; levels 10-20
SPECIES_GEODUDE,,wild,MT_EMBER_SUMMIT_PATH_2F,rock_smash,varies,5,,,stock FireRed; levels 15-30
SPECIES_GRAVELER,,wild,MT_EMBER_SUMMIT_PATH_2F,rock_smash,varies,4,,,stock FireRed; levels 25-40
SPECIES_GRAVELER,,wild,MT_EMBER_SUMMIT_PATH_2F,rock_smash,varies,1,,,stock FireRed; levels 30-40
SPECIES_GEODUDE,,wild,MT_EMBER_SUMMIT_PATH_3F,land,varies,20,,,stock FireRed; levels 33-33
SPECIES_MACHOP,,wild,MT_EMBER_SUMMIT_PATH_3F,land,varies,20,,,stock FireRed; levels 35-35
SPECIES_GEODUDE,,wild,MT_EMBER_SUMMIT_PATH_3F,land,varies,10,,,stock FireRed; levels 29-29
SPECIES_GEODUDE,,wild,MT_EMBER_SUMMIT_PATH_3F,land,varies,10,,,stock FireRed; levels 31-31
SPECIES_MACHOP,,wild,MT_EMBER_SUMMIT_PATH_3F,land,varies,10,,,stock FireRed; levels 31-31
SPECIES_MACHOP,,wild,MT_EMBER_SUMMIT_PATH_3F,land,varies,10,,,stock FireRed; levels 33-33
SPECIES_GEODUDE,,wild,MT_EMBER_SUMMIT_PATH_3F,land,varies,5,,,stock FireRed; levels 35-35
SPECIES_MACHOP,,wild,MT_EMBER_SUMMIT_PATH_3F,land,varies,5,,,stock FireRed; levels 37-37
SPECIES_GEODUDE,,wild,MT_EMBER_SUMMIT_PATH_3F,land,varies,4,,,stock FireRed; levels 37-37
SPECIES_MACHOP,,wild,MT_EMBER_SUMMIT_PATH_3F,land,varies,4,,,stock FireRed; levels 39-39
SPECIES_GEODUDE,,wild,MT_EMBER_SUMMIT_PATH_3F,land,varies,1,,,stock FireRed; levels 37-37
SPECIES_MACHOP,,wild,MT_EMBER_SUMMIT_PATH_3F,land,varies,1,,,stock FireRed; levels 39-39
SPECIES_GEODUDE,,wild,MT_EMBER_RUBY_PATH_1F,land,varies,20,,,stock FireRed; levels 36-36
SPECIES_MACHOP,,wild,MT_EMBER_RUBY_PATH_1F,land,varies,20,,,stock FireRed; levels 38-38
SPECIES_GEODUDE,,wild,MT_EMBER_RUBY_PATH_1F,land,varies,10,,,stock FireRed; levels 32-32
SPECIES_GEODUDE,,wild,MT_EMBER_RUBY_PATH_1F,land,varies,10,,,stock FireRed; levels 34-34
SPECIES_MACHOP,,wild,MT_EMBER_RUBY_PATH_1F,land,varies,10,,,stock FireRed; levels 34-34
SPECIES_MACHOP,,wild,MT_EMBER_RUBY_PATH_1F,land,varies,10,,,stock FireRed; levels 36-36
SPECIES_GEODUDE,,wild,MT_EMBER_RUBY_PATH_1F,land,varies,5,,,stock FireRed; levels 38-38
SPECIES_MACHOKE,,wild,MT_EMBER_RUBY_PATH_1F,land,varies,5,,,stock FireRed; levels 40-40
SPECIES_GEODUDE,,wild,MT_EMBER_RUBY_PATH_1F,land,varies,4,,,stock FireRed; levels 40-40
SPECIES_MACHOKE,,wild,MT_EMBER_RUBY_PATH_1F,land,varies,4,,,stock FireRed; levels 42-42
SPECIES_GEODUDE,,wild,MT_EMBER_RUBY_PATH_1F,land,varies,1,,,stock FireRed; levels 40-40
SPECIES_MACHOKE,,wild,MT_EMBER_RUBY_PATH_1F,land,varies,1,,,stock FireRed; levels 42-42
SPECIES_GEODUDE,,wild,MT_EMBER_RUBY_PATH_1F,rock_smash,varies,60,,,stock FireRed; levels 25-35
SPECIES_GRAVELER,,wild,MT_EMBER_RUBY_PATH_1F,rock_smash,varies,30,,,stock FireRed; levels 30-45
SPECIES_GRAVELER,,wild,MT_EMBER_RUBY_PATH_1F,rock_smash,varies,5,,,stock FireRed; levels 35-50
SPECIES_GEODUDE,,wild,MT_EMBER_RUBY_PATH_1F,rock_smash,varies,4,,,stock FireRed; levels 30-40
SPECIES_GEODUDE,,wild,MT_EMBER_RUBY_PATH_1F,rock_smash,varies,1,,,stock FireRed; levels 30-40
SPECIES_GEODUDE,,wild,MT_EMBER_RUBY_PATH_B1F,land,varies,20,,,stock FireRed; levels 38-38
SPECIES_GEODUDE,,wild,MT_EMBER_RUBY_PATH_B1F,land,varies,20,,,stock FireRed; levels 36-36
SPECIES_GEODUDE,,wild,MT_EMBER_RUBY_PATH_B1F,land,varies,10,,,stock FireRed; levels 34-34
SPECIES_GEODUDE,,wild,MT_EMBER_RUBY_PATH_B1F,land,varies,10,,,stock FireRed; levels 40-40
SPECIES_SLUGMA,,wild,MT_EMBER_RUBY_PATH_B1F,land,varies,10,,,stock FireRed; levels 24-24
SPECIES_SLUGMA,,wild,MT_EMBER_RUBY_PATH_B1F,land,varies,10,,,stock FireRed; levels 26-26
SPECIES_GEODUDE,,wild,MT_EMBER_RUBY_PATH_B1F,land,varies,5,,,stock FireRed; levels 42-42
SPECIES_SLUGMA,,wild,MT_EMBER_RUBY_PATH_B1F,land,varies,5,,,stock FireRed; levels 28-28
SPECIES_GEODUDE,,wild,MT_EMBER_RUBY_PATH_B1F,land,varies,4,,,stock FireRed; levels 42-42
SPECIES_SLUGMA,,wild,MT_EMBER_RUBY_PATH_B1F,land,varies,4,,,stock FireRed; levels 30-30
SPECIES_GEODUDE,,wild,MT_EMBER_RUBY_PATH_B1F,land,varies,1,,,stock FireRed; levels 42-42
SPECIES_SLUGMA,,wild,MT_EMBER_RUBY_PATH_B1F,land,varies,1,,,stock FireRed; levels 30-30
SPECIES_GEODUDE,,wild,MT_EMBER_RUBY_PATH_B1F,rock_smash,varies,60,,,stock FireRed; levels 25-35
SPECIES_GRAVELER,,wild,MT_EMBER_RUBY_PATH_B1F,rock_smash,varies,30,,,stock FireRed; levels 30-45
SPECIES_GRAVELER,,wild,MT_EMBER_RUBY_PATH_B1F,rock_smash,varies,5,,,stock FireRed; levels 35-50
SPECIES_GEODUDE,,wild,MT_EMBER_RUBY_PATH_B1F,rock_smash,varies,4,,,stock FireRed; levels 30-40
SPECIES_GEODUDE,,wild,MT_EMBER_RUBY_PATH_B1F,rock_smash,varies,1,,,stock FireRed; levels 30-40
SPECIES_GEODUDE,,wild,MT_EMBER_RUBY_PATH_B2F,land,varies,20,,,stock FireRed; levels 40-40
SPECIES_SLUGMA,,wild,MT_EMBER_RUBY_PATH_B2F,land,varies,20,,,stock FireRed; levels 26-26
SPECIES_GEODUDE,,wild,MT_EMBER_RUBY_PATH_B2F,land,varies,10,,,stock FireRed; levels 42-42
SPECIES_SLUGMA,,wild,MT_EMBER_RUBY_PATH_B2F,land,varies,10,,,stock FireRed; levels 24-24
SPECIES_SLUGMA,,wild,MT_EMBER_RUBY_PATH_B2F,land,varies,10,,,stock FireRed; levels 28-28
SPECIES_SLUGMA,,wild,MT_EMBER_RUBY_PATH_B2F,land,varies,10,,,stock FireRed; levels 30-30
SPECIES_GEODUDE,,wild,MT_EMBER_RUBY_PATH_B2F,land,varies,5,,,stock FireRed; levels 44-44
SPECIES_SLUGMA,,wild,MT_EMBER_RUBY_PATH_B2F,land,varies,5,,,stock FireRed; levels 32-32
SPECIES_GEODUDE,,wild,MT_EMBER_RUBY_PATH_B2F,land,varies,4,,,stock FireRed; levels 44-44
SPECIES_SLUGMA,,wild,MT_EMBER_RUBY_PATH_B2F,land,varies,4,,,stock FireRed; levels 22-22
SPECIES_GEODUDE,,wild,MT_EMBER_RUBY_PATH_B2F,land,varies,1,,,stock FireRed; levels 44-44
SPECIES_SLUGMA,,wild,MT_EMBER_RUBY_PATH_B2F,land,varies,1,,,stock FireRed; levels 22-22
SPECIES_GEODUDE,,wild,MT_EMBER_RUBY_PATH_B2F,rock_smash,varies,60,,,stock FireRed; levels 25-35
SPECIES_GRAVELER,,wild,MT_EMBER_RUBY_PATH_B2F,rock_smash,varies,30,,,stock FireRed; levels 30-45
SPECIES_GRAVELER,,wild,MT_EMBER_RUBY_PATH_B2F,rock_smash,varies,5,,,stock FireRed; levels 35-50
SPECIES_GEODUDE,,wild,MT_EMBER_RUBY_PATH_B2F,rock_smash,varies,4,,,stock FireRed; levels 30-40
SPECIES_GEODUDE,,wild,MT_EMBER_RUBY_PATH_B2F,rock_smash,varies,1,,,stock FireRed; levels 30-40
SPECIES_SLUGMA,,wild,MT_EMBER_RUBY_PATH_B3F,land,varies,20,,,stock FireRed; levels 26-26
SPECIES_SLUGMA,,wild,MT_EMBER_RUBY_PATH_B3F,land,varies,20,,,stock FireRed; levels 28-28
SPECIES_SLUGMA,,wild,MT_EMBER_RUBY_PATH_B3F,land,varies,10,,,stock FireRed; levels 30-30
SPECIES_SLUGMA,,wild,MT_EMBER_RUBY_PATH_B3F,land,varies,10,,,stock FireRed; levels 32-32
SPECIES_SLUGMA,,wild,MT_EMBER_RUBY_PATH_B3F,land,varies,10,,,stock FireRed; levels 24-24
SPECIES_SLUGMA,,wild,MT_EMBER_RUBY_PATH_B3F,land,varies,10,,,stock FireRed; levels 22-22
SPECIES_SLUGMA,,wild,MT_EMBER_RUBY_PATH_B3F,land,varies,5,,,stock FireRed; levels 20-20
SPECIES_SLUGMA,,wild,MT_EMBER_RUBY_PATH_B3F,land,varies,5,,,stock FireRed; levels 34-34
SPECIES_SLUGMA,,wild,MT_EMBER_RUBY_PATH_B3F,land,varies,4,,,stock FireRed; levels 36-36
SPECIES_SLUGMA,,wild,MT_EMBER_RUBY_PATH_B3F,land,varies,4,,,stock FireRed; levels 18-18
SPECIES_SLUGMA,,wild,MT_EMBER_RUBY_PATH_B3F,land,varies,1,,,stock FireRed; levels 36-36
SPECIES_SLUGMA,,wild,MT_EMBER_RUBY_PATH_B3F,land,varies,1,,,stock FireRed; levels 18-18
SPECIES_SLUGMA,,wild,MT_EMBER_RUBY_PATH_B3F,rock_smash,varies,60,,,stock FireRed; levels 15-25
SPECIES_SLUGMA,,wild,MT_EMBER_RUBY_PATH_B3F,rock_smash,varies,30,,,stock FireRed; levels 25-35
SPECIES_MAGCARGO,,wild,MT_EMBER_RUBY_PATH_B3F,rock_smash,varies,5,,,stock FireRed; levels 40-45
SPECIES_MAGCARGO,,wild,MT_EMBER_RUBY_PATH_B3F,rock_smash,varies,4,,,stock FireRed; levels 35-45
SPECIES_MAGCARGO,,wild,MT_EMBER_RUBY_PATH_B3F,rock_smash,varies,1,,,stock FireRed; levels 25-35
SPECIES_GEODUDE,,wild,MT_EMBER_RUBY_PATH_B1F_STAIRS,land,varies,20,,,stock FireRed; levels 40-40
SPECIES_SLUGMA,,wild,MT_EMBER_RUBY_PATH_B1F_STAIRS,land,varies,20,,,stock FireRed; levels 26-26
SPECIES_GEODUDE,,wild,MT_EMBER_RUBY_PATH_B1F_STAIRS,land,varies,10,,,stock FireRed; levels 42-42
SPECIES_SLUGMA,,wild,MT_EMBER_RUBY_PATH_B1F_STAIRS,land,varies,10,,,stock FireRed; levels 24-24
SPECIES_SLUGMA,,wild,MT_EMBER_RUBY_PATH_B1F_STAIRS,land,varies,10,,,stock FireRed; levels 28-28
SPECIES_SLUGMA,,wild,MT_EMBER_RUBY_PATH_B1F_STAIRS,land,varies,10,,,stock FireRed; levels 30-30
SPECIES_GEODUDE,,wild,MT_EMBER_RUBY_PATH_B1F_STAIRS,land,varies,5,,,stock FireRed; levels 44-44
SPECIES_SLUGMA,,wild,MT_EMBER_RUBY_PATH_B1F_STAIRS,land,varies,5,,,stock FireRed; levels 32-32
SPECIES_GEODUDE,,wild,MT_EMBER_RUBY_PATH_B1F_STAIRS,land,varies,4,,,stock FireRed; levels 44-44
SPECIES_SLUGMA,,wild,MT_EMBER_RUBY_PATH_B1F_STAIRS,land,varies,4,,,stock FireRed; levels 22-22
SPECIES_GEODUDE,,wild,MT_EMBER_RUBY_PATH_B1F_STAIRS,land,varies,1,,,stock FireRed; levels 44-44
SPECIES_SLUGMA,,wild,MT_EMBER_RUBY_PATH_B1F_STAIRS,land,varies,1,,,stock FireRed; levels 22-22
SPECIES_GEODUDE,,wild,MT_EMBER_RUBY_PATH_B1F_STAIRS,rock_smash,varies,60,,,stock FireRed; levels 25-35
SPECIES_GRAVELER,,wild,MT_EMBER_RUBY_PATH_B1F_STAIRS,rock_smash,varies,30,,,stock FireRed; levels 30-45
SPECIES_GRAVELER,,wild,MT_EMBER_RUBY_PATH_B1F_STAIRS,rock_smash,varies,5,,,stock FireRed; levels 35-50
SPECIES_GEODUDE,,wild,MT_EMBER_RUBY_PATH_B1F_STAIRS,rock_smash,varies,4,,,stock FireRed; levels 30-40
SPECIES_GEODUDE,,wild,MT_EMBER_RUBY_PATH_B1F_STAIRS,rock_smash,varies,1,,,stock FireRed; levels 30-40
SPECIES_GEODUDE,,wild,MT_EMBER_RUBY_PATH_B2F_STAIRS,land,varies,20,,,stock FireRed; levels 38-38
SPECIES_GEODUDE,,wild,MT_EMBER_RUBY_PATH_B2F_STAIRS,land,varies,20,,,stock FireRed; levels 36-36
SPECIES_GEODUDE,,wild,MT_EMBER_RUBY_PATH_B2F_STAIRS,land,varies,10,,,stock FireRed; levels 34-34
SPECIES_GEODUDE,,wild,MT_EMBER_RUBY_PATH_B2F_STAIRS,land,varies,10,,,stock FireRed; levels 40-40
SPECIES_SLUGMA,,wild,MT_EMBER_RUBY_PATH_B2F_STAIRS,land,varies,10,,,stock FireRed; levels 24-24
SPECIES_SLUGMA,,wild,MT_EMBER_RUBY_PATH_B2F_STAIRS,land,varies,10,,,stock FireRed; levels 26-26
SPECIES_GEODUDE,,wild,MT_EMBER_RUBY_PATH_B2F_STAIRS,land,varies,5,,,stock FireRed; levels 42-42
SPECIES_SLUGMA,,wild,MT_EMBER_RUBY_PATH_B2F_STAIRS,land,varies,5,,,stock FireRed; levels 28-28
SPECIES_GEODUDE,,wild,MT_EMBER_RUBY_PATH_B2F_STAIRS,land,varies,4,,,stock FireRed; levels 42-42
SPECIES_SLUGMA,,wild,MT_EMBER_RUBY_PATH_B2F_STAIRS,land,varies,4,,,stock FireRed; levels 30-30
SPECIES_GEODUDE,,wild,MT_EMBER_RUBY_PATH_B2F_STAIRS,land,varies,1,,,stock FireRed; levels 42-42
SPECIES_SLUGMA,,wild,MT_EMBER_RUBY_PATH_B2F_STAIRS,land,varies,1,,,stock FireRed; levels 30-30
SPECIES_GEODUDE,,wild,MT_EMBER_RUBY_PATH_B2F_STAIRS,rock_smash,varies,60,,,stock FireRed; levels 25-35
SPECIES_GRAVELER,,wild,MT_EMBER_RUBY_PATH_B2F_STAIRS,rock_smash,varies,30,,,stock FireRed; levels 30-45
SPECIES_GRAVELER,,wild,MT_EMBER_RUBY_PATH_B2F_STAIRS,rock_smash,varies,5,,,stock FireRed; levels 35-50
SPECIES_GEODUDE,,wild,MT_EMBER_RUBY_PATH_B2F_STAIRS,rock_smash,varies,4,,,stock FireRed; levels 30-40
SPECIES_GEODUDE,,wild,MT_EMBER_RUBY_PATH_B2F_STAIRS,rock_smash,varies,1,,,stock FireRed; levels 30-40
SPECIES_PIDGEOTTO,,wild,THREE_ISLAND_BERRY_FOREST,land,varies,20,,,stock FireRed; levels 37-37
SPECIES_GLOOM,,wild,THREE_ISLAND_BERRY_FOREST,land,varies,20,,,stock FireRed; levels 35-35
SPECIES_PIDGEY,,wild,THREE_ISLAND_BERRY_FOREST,land,varies,10,,,stock FireRed; levels 32-32
SPECIES_ODDISH,,wild,THREE_ISLAND_BERRY_FOREST,land,varies,10,,,stock FireRed; levels 30-30
SPECIES_VENONAT,,wild,THREE_ISLAND_BERRY_FOREST,land,varies,10,,,stock FireRed; levels 34-34
SPECIES_DROWZEE,,wild,THREE_ISLAND_BERRY_FOREST,land,varies,10,,,stock FireRed; levels 34-34
SPECIES_EXEGGCUTE,,wild,THREE_ISLAND_BERRY_FOREST,land,varies,5,,,stock FireRed; levels 35-35
SPECIES_PSYDUCK,,wild,THREE_ISLAND_BERRY_FOREST,land,varies,5,,,stock FireRed; levels 31-31
SPECIES_VENOMOTH,,wild,THREE_ISLAND_BERRY_FOREST,land,varies,4,,,stock FireRed; levels 37-37
SPECIES_HYPNO,,wild,THREE_ISLAND_BERRY_FOREST,land,varies,4,,,stock FireRed; levels 37-37
SPECIES_VENOMOTH,,wild,THREE_ISLAND_BERRY_FOREST,land,varies,1,,,stock FireRed; levels 40-40
SPECIES_HYPNO,,wild,THREE_ISLAND_BERRY_FOREST,land,varies,1,,,stock FireRed; levels 40-40
SPECIES_PSYDUCK,,wild,THREE_ISLAND_BERRY_FOREST,water,varies,60,,,stock FireRed; levels 5-20
SPECIES_PSYDUCK,,wild,THREE_ISLAND_BERRY_FOREST,water,varies,30,,,stock FireRed; levels 20-35
SPECIES_PSYDUCK,,wild,THREE_ISLAND_BERRY_FOREST,water,varies,5,,,stock FireRed; levels 35-40
SPECIES_GOLDUCK,,wild,THREE_ISLAND_BERRY_FOREST,water,varies,4,,,stock FireRed; levels 35-40
SPECIES_GOLDUCK,,wild,THREE_ISLAND_BERRY_FOREST,water,varies,1,,,stock FireRed; levels 35-40
SPECIES_MAGIKARP,,wild,THREE_ISLAND_BERRY_FOREST,fishing,varies,70,,,stock FireRed; levels 5-5
SPECIES_MAGIKARP,,wild,THREE_ISLAND_BERRY_FOREST,fishing,varies,30,,,stock FireRed; levels 5-5
SPECIES_GOLDEEN,,wild,THREE_ISLAND_BERRY_FOREST,fishing,varies,60,,,stock FireRed; levels 5-15
SPECIES_MAGIKARP,,wild,THREE_ISLAND_BERRY_FOREST,fishing,varies,20,,,stock FireRed; levels 5-15
SPECIES_POLIWAG,,wild,THREE_ISLAND_BERRY_FOREST,fishing,varies,20,,,stock FireRed; levels 5-15
SPECIES_GOLDEEN,,wild,THREE_ISLAND_BERRY_FOREST,fishing,varies,40,,,stock FireRed; levels 15-25
SPECIES_SEAKING,,wild,THREE_ISLAND_BERRY_FOREST,fishing,varies,40,,,stock FireRed; levels 20-30
SPECIES_GYARADOS,,wild,THREE_ISLAND_BERRY_FOREST,fishing,varies,15,,,stock FireRed; levels 15-25
SPECIES_PSYDUCK,,wild,THREE_ISLAND_BERRY_FOREST,fishing,varies,4,,,stock FireRed; levels 15-25
SPECIES_PSYDUCK,,wild,THREE_ISLAND_BERRY_FOREST,fishing,varies,1,,,stock FireRed; levels 25-35
SPECIES_SEEL,,wild,FOUR_ISLAND_ICEFALL_CAVE_ENTRANCE,land,varies,20,,,stock FireRed; levels 43-43
SPECIES_GOLBAT,,wild,FOUR_ISLAND_ICEFALL_CAVE_ENTRANCE,land,varies,20,,,stock FireRed; levels 45-45
SPECIES_SEEL,,wild,FOUR_ISLAND_ICEFALL_CAVE_ENTRANCE,land,varies,10,,,stock FireRed; levels 45-45
SPECIES_SEEL,,wild,FOUR_ISLAND_ICEFALL_CAVE_ENTRANCE,land,varies,10,,,stock FireRed; levels 47-47
SPECIES_ZUBAT,,wild,FOUR_ISLAND_ICEFALL_CAVE_ENTRANCE,land,varies,10,,,stock FireRed; levels 40-40
SPECIES_DEWGONG,,wild,FOUR_ISLAND_ICEFALL_CAVE_ENTRANCE,land,varies,10,,,stock FireRed; levels 49-49
SPECIES_DEWGONG,,wild,FOUR_ISLAND_ICEFALL_CAVE_ENTRANCE,land,varies,5,,,stock FireRed; levels 51-51
SPECIES_PSYDUCK,,wild,FOUR_ISLAND_ICEFALL_CAVE_ENTRANCE,land,varies,5,,,stock FireRed; levels 41-41
SPECIES_GOLBAT,,wild,FOUR_ISLAND_ICEFALL_CAVE_ENTRANCE,land,varies,4,,,stock FireRed; levels 48-48
SPECIES_DEWGONG,,wild,FOUR_ISLAND_ICEFALL_CAVE_ENTRANCE,land,varies,4,,,stock FireRed; levels 53-53
SPECIES_GOLBAT,,wild,FOUR_ISLAND_ICEFALL_CAVE_ENTRANCE,land,varies,1,,,stock FireRed; levels 48-48
SPECIES_DEWGONG,,wild,FOUR_ISLAND_ICEFALL_CAVE_ENTRANCE,land,varies,1,,,stock FireRed; levels 53-53
SPECIES_SEEL,,wild,FOUR_ISLAND_ICEFALL_CAVE_ENTRANCE,water,varies,60,,,stock FireRed; levels 5-35
SPECIES_PSYDUCK,,wild,FOUR_ISLAND_ICEFALL_CAVE_ENTRANCE,water,varies,30,,,stock FireRed; levels 5-35
SPECIES_DEWGONG,,wild,FOUR_ISLAND_ICEFALL_CAVE_ENTRANCE,water,varies,5,,,stock FireRed; levels 35-40
SPECIES_WOOPER,,wild,FOUR_ISLAND_ICEFALL_CAVE_ENTRANCE,water,varies,4,,,stock FireRed; levels 5-15
SPECIES_WOOPER,,wild,FOUR_ISLAND_ICEFALL_CAVE_ENTRANCE,water,varies,1,,,stock FireRed; levels 5-15
SPECIES_MAGIKARP,,wild,FOUR_ISLAND_ICEFALL_CAVE_ENTRANCE,fishing,varies,70,,,stock FireRed; levels 5-5
SPECIES_MAGIKARP,,wild,FOUR_ISLAND_ICEFALL_CAVE_ENTRANCE,fishing,varies,30,,,stock FireRed; levels 5-5
SPECIES_POLIWAG,,wild,FOUR_ISLAND_ICEFALL_CAVE_ENTRANCE,fishing,varies,60,,,stock FireRed; levels 5-15
SPECIES_MAGIKARP,,wild,FOUR_ISLAND_ICEFALL_CAVE_ENTRANCE,fishing,varies,20,,,stock FireRed; levels 5-15
SPECIES_GOLDEEN,,wild,FOUR_ISLAND_ICEFALL_CAVE_ENTRANCE,fishing,varies,20,,,stock FireRed; levels 5-15
SPECIES_POLIWAG,,wild,FOUR_ISLAND_ICEFALL_CAVE_ENTRANCE,fishing,varies,40,,,stock FireRed; levels 15-25
SPECIES_POLIWHIRL,,wild,FOUR_ISLAND_ICEFALL_CAVE_ENTRANCE,fishing,varies,40,,,stock FireRed; levels 20-30
SPECIES_GYARADOS,,wild,FOUR_ISLAND_ICEFALL_CAVE_ENTRANCE,fishing,varies,15,,,stock FireRed; levels 15-25
SPECIES_PSYDUCK,,wild,FOUR_ISLAND_ICEFALL_CAVE_ENTRANCE,fishing,varies,4,,,stock FireRed; levels 15-25
SPECIES_PSYDUCK,,wild,FOUR_ISLAND_ICEFALL_CAVE_ENTRANCE,fishing,varies,1,,,stock FireRed; levels 25-35
SPECIES_SWINUB,,wild,FOUR_ISLAND_ICEFALL_CAVE_1F,land,varies,20,,,stock FireRed; levels 25-25
SPECIES_GOLBAT,,wild,FOUR_ISLAND_ICEFALL_CAVE_1F,land,varies,20,,,stock FireRed; levels 45-45
SPECIES_SEEL,,wild,FOUR_ISLAND_ICEFALL_CAVE_1F,land,varies,10,,,stock FireRed; levels 45-45
SPECIES_SWINUB,,wild,FOUR_ISLAND_ICEFALL_CAVE_1F,land,varies,10,,,stock FireRed; levels 27-27
SPECIES_ZUBAT,,wild,FOUR_ISLAND_ICEFALL_CAVE_1F,land,varies,10,,,stock FireRed; levels 40-40
SPECIES_SWINUB,,wild,FOUR_ISLAND_ICEFALL_CAVE_1F,land,varies,10,,,stock FireRed; levels 29-29
SPECIES_DELIBIRD,,wild,FOUR_ISLAND_ICEFALL_CAVE_1F,land,varies,5,,,stock FireRed; levels 30-30
SPECIES_SWINUB,,wild,FOUR_ISLAND_ICEFALL_CAVE_1F,land,varies,5,,,stock FireRed; levels 31-31
SPECIES_GOLBAT,,wild,FOUR_ISLAND_ICEFALL_CAVE_1F,land,varies,4,,,stock FireRed; levels 48-48
SPECIES_SWINUB,,wild,FOUR_ISLAND_ICEFALL_CAVE_1F,land,varies,4,,,stock FireRed; levels 23-23
SPECIES_GOLBAT,,wild,FOUR_ISLAND_ICEFALL_CAVE_1F,land,varies,1,,,stock FireRed; levels 48-48
SPECIES_SWINUB,,wild,FOUR_ISLAND_ICEFALL_CAVE_1F,land,varies,1,,,stock FireRed; levels 23-23
SPECIES_SWINUB,,wild,FOUR_ISLAND_ICEFALL_CAVE_B1F,land,varies,20,,,stock FireRed; levels 25-25
SPECIES_GOLBAT,,wild,FOUR_ISLAND_ICEFALL_CAVE_B1F,land,varies,20,,,stock FireRed; levels 45-45
SPECIES_SEEL,,wild,FOUR_ISLAND_ICEFALL_CAVE_B1F,land,varies,10,,,stock FireRed; levels 45-45
SPECIES_SWINUB,,wild,FOUR_ISLAND_ICEFALL_CAVE_B1F,land,varies,10,,,stock FireRed; levels 27-27
SPECIES_ZUBAT,,wild,FOUR_ISLAND_ICEFALL_CAVE_B1F,land,varies,10,,,stock FireRed; levels 40-40
SPECIES_SWINUB,,wild,FOUR_ISLAND_ICEFALL_CAVE_B1F,land,varies,10,,,stock FireRed; levels 29-29
SPECIES_DELIBIRD,,wild,FOUR_ISLAND_ICEFALL_CAVE_B1F,land,varies,5,,,stock FireRed; levels 30-30
SPECIES_SWINUB,,wild,FOUR_ISLAND_ICEFALL_CAVE_B1F,land,varies,5,,,stock FireRed; levels 31-31
SPECIES_GOLBAT,,wild,FOUR_ISLAND_ICEFALL_CAVE_B1F,land,varies,4,,,stock FireRed; levels 48-48
SPECIES_SWINUB,,wild,FOUR_ISLAND_ICEFALL_CAVE_B1F,land,varies,4,,,stock FireRed; levels 23-23
SPECIES_GOLBAT,,wild,FOUR_ISLAND_ICEFALL_CAVE_B1F,land,varies,1,,,stock FireRed; levels 48-48
SPECIES_SWINUB,,wild,FOUR_ISLAND_ICEFALL_CAVE_B1F,land,varies,1,,,stock FireRed; levels 23-23
SPECIES_SEEL,,wild,FOUR_ISLAND_ICEFALL_CAVE_BACK,land,varies,20,,,stock FireRed; levels 43-43
SPECIES_GOLBAT,,wild,FOUR_ISLAND_ICEFALL_CAVE_BACK,land,varies,20,,,stock FireRed; levels 45-45
SPECIES_SEEL,,wild,FOUR_ISLAND_ICEFALL_CAVE_BACK,land,varies,10,,,stock FireRed; levels 45-45
SPECIES_SEEL,,wild,FOUR_ISLAND_ICEFALL_CAVE_BACK,land,varies,10,,,stock FireRed; levels 47-47
SPECIES_ZUBAT,,wild,FOUR_ISLAND_ICEFALL_CAVE_BACK,land,varies,10,,,stock FireRed; levels 40-40
SPECIES_DEWGONG,,wild,FOUR_ISLAND_ICEFALL_CAVE_BACK,land,varies,10,,,stock FireRed; levels 49-49
SPECIES_DEWGONG,,wild,FOUR_ISLAND_ICEFALL_CAVE_BACK,land,varies,5,,,stock FireRed; levels 51-51
SPECIES_PSYDUCK,,wild,FOUR_ISLAND_ICEFALL_CAVE_BACK,land,varies,5,,,stock FireRed; levels 41-41
SPECIES_GOLBAT,,wild,FOUR_ISLAND_ICEFALL_CAVE_BACK,land,varies,4,,,stock FireRed; levels 48-48
SPECIES_DEWGONG,,wild,FOUR_ISLAND_ICEFALL_CAVE_BACK,land,varies,4,,,stock FireRed; levels 53-53
SPECIES_GOLBAT,,wild,FOUR_ISLAND_ICEFALL_CAVE_BACK,land,varies,1,,,stock FireRed; levels 48-48
SPECIES_DEWGONG,,wild,FOUR_ISLAND_ICEFALL_CAVE_BACK,land,varies,1,,,stock FireRed; levels 53-53
SPECIES_TENTACOOL,,wild,FOUR_ISLAND_ICEFALL_CAVE_BACK,water,varies,60,,,stock FireRed; levels 5-20
SPECIES_TENTACOOL,,wild,FOUR_ISLAND_ICEFALL_CAVE_BACK,water,varies,30,,,stock FireRed; levels 20-35
SPECIES_TENTACOOL,,wild,FOUR_ISLAND_ICEFALL_CAVE_BACK,water,varies,5,,,stock FireRed; levels 35-45
SPECIES_TENTACRUEL,,wild,FOUR_ISLAND_ICEFALL_CAVE_BACK,water,varies,4,,,stock FireRed; levels 35-45
SPECIES_LAPRAS,,wild,FOUR_ISLAND_ICEFALL_CAVE_BACK,water,varies,1,,,stock FireRed; levels 30-45
SPECIES_MAGIKARP,,wild,FOUR_ISLAND_ICEFALL_CAVE_BACK,fishing,varies,70,,,stock FireRed; levels 5-5
SPECIES_MAGIKARP,,wild,FOUR_ISLAND_ICEFALL_CAVE_BACK,fishing,varies,30,,,stock FireRed; levels 5-5
SPECIES_HORSEA,,wild,FOUR_ISLAND_ICEFALL_CAVE_BACK,fishing,varies,60,,,stock FireRed; levels 5-15
SPECIES_MAGIKARP,,wild,FOUR_ISLAND_ICEFALL_CAVE_BACK,fishing,varies,20,,,stock FireRed; levels 5-15
SPECIES_HORSEA,,wild,FOUR_ISLAND_ICEFALL_CAVE_BACK,fishing,varies,20,,,stock FireRed; levels 5-15
SPECIES_HORSEA,,wild,FOUR_ISLAND_ICEFALL_CAVE_BACK,fishing,varies,40,,,stock FireRed; levels 15-25
SPECIES_SHELLDER,,wild,FOUR_ISLAND_ICEFALL_CAVE_BACK,fishing,varies,40,,,stock FireRed; levels 15-25
SPECIES_GYARADOS,,wild,FOUR_ISLAND_ICEFALL_CAVE_BACK,fishing,varies,15,,,stock FireRed; levels 15-25
SPECIES_SEADRA,,wild,FOUR_ISLAND_ICEFALL_CAVE_BACK,fishing,varies,4,,,stock FireRed; levels 25-35
SPECIES_PSYDUCK,,wild,FOUR_ISLAND_ICEFALL_CAVE_BACK,fishing,varies,1,,,stock FireRed; levels 25-35
SPECIES_SPINARAK,,wild,SIX_ISLAND_PATTERN_BUSH,land,varies,20,,,stock FireRed; levels 9-9
SPECIES_KAKUNA,,wild,SIX_ISLAND_PATTERN_BUSH,land,varies,20,,,stock FireRed; levels 9-9
SPECIES_SPINARAK,,wild,SIX_ISLAND_PATTERN_BUSH,land,varies,10,,,stock FireRed; levels 14-14
SPECIES_CATERPIE,,wild,SIX_ISLAND_PATTERN_BUSH,land,varies,10,,,stock FireRed; levels 6-6
SPECIES_WEEDLE,,wild,SIX_ISLAND_PATTERN_BUSH,land,varies,10,,,stock FireRed; levels 6-6
SPECIES_HERACROSS,,wild,SIX_ISLAND_PATTERN_BUSH,land,varies,10,,,stock FireRed; levels 15-15
SPECIES_METAPOD,,wild,SIX_ISLAND_PATTERN_BUSH,land,varies,5,,,stock FireRed; levels 9-9
SPECIES_HERACROSS,,wild,SIX_ISLAND_PATTERN_BUSH,land,varies,5,,,stock FireRed; levels 20-20
SPECIES_LEDYBA,,wild,SIX_ISLAND_PATTERN_BUSH,land,varies,4,,,stock FireRed; levels 9-9
SPECIES_HERACROSS,,wild,SIX_ISLAND_PATTERN_BUSH,land,varies,4,,,stock FireRed; levels 25-25
SPECIES_LEDYBA,,wild,SIX_ISLAND_PATTERN_BUSH,land,varies,1,,,stock FireRed; levels 14-14
SPECIES_HERACROSS,,wild,SIX_ISLAND_PATTERN_BUSH,land,varies,1,,,stock FireRed; levels 30-30
SPECIES_GASTLY,,wild,FIVE_ISLAND_LOST_CAVE_ROOM1,land,varies,20,,,stock FireRed; levels 40-40
SPECIES_ZUBAT,,wild,FIVE_ISLAND_LOST_CAVE_ROOM1,land,varies,20,,,stock FireRed; levels 37-37
SPECIES_HAUNTER,,wild,FIVE_ISLAND_LOST_CAVE_ROOM1,land,varies,10,,,stock FireRed; levels 44-44
SPECIES_HAUNTER,,wild,FIVE_ISLAND_LOST_CAVE_ROOM1,land,varies,10,,,stock FireRed; levels 46-46
SPECIES_GOLBAT,,wild,FIVE_ISLAND_LOST_CAVE_ROOM1,land,varies,10,,,stock FireRed; levels 41-41
SPECIES_GOLBAT,,wild,FIVE_ISLAND_LOST_CAVE_ROOM1,land,varies,10,,,stock FireRed; levels 43-43
SPECIES_GASTLY,,wild,FIVE_ISLAND_LOST_CAVE_ROOM1,land,varies,5,,,stock FireRed; levels 38-38
SPECIES_HAUNTER,,wild,FIVE_ISLAND_LOST_CAVE_ROOM1,land,varies,5,,,stock FireRed; levels 48-48
SPECIES_HAUNTER,,wild,FIVE_ISLAND_LOST_CAVE_ROOM1,land,varies,4,,,stock FireRed; levels 50-50
SPECIES_MURKROW,,wild,FIVE_ISLAND_LOST_CAVE_ROOM1,land,varies,4,,,stock FireRed; levels 22-22
SPECIES_HAUNTER,,wild,FIVE_ISLAND_LOST_CAVE_ROOM1,land,varies,1,,,stock FireRed; levels 52-52
SPECIES_MURKROW,,wild,FIVE_ISLAND_LOST_CAVE_ROOM1,land,varies,1,,,stock FireRed; levels 22-22
SPECIES_GASTLY,,wild,FIVE_ISLAND_LOST_CAVE_ROOM2,land,varies,20,,,stock FireRed; levels 40-40
SPECIES_ZUBAT,,wild,FIVE_ISLAND_LOST_CAVE_ROOM2,land,varies,20,,,stock FireRed; levels 37-37
SPECIES_HAUNTER,,wild,FIVE_ISLAND_LOST_CAVE_ROOM2,land,varies,10,,,stock FireRed; levels 44-44
SPECIES_HAUNTER,,wild,FIVE_ISLAND_LOST_CAVE_ROOM2,land,varies,10,,,stock FireRed; levels 46-46
SPECIES_GOLBAT,,wild,FIVE_ISLAND_LOST_CAVE_ROOM2,land,varies,10,,,stock FireRed; levels 41-41
SPECIES_GOLBAT,,wild,FIVE_ISLAND_LOST_CAVE_ROOM2,land,varies,10,,,stock FireRed; levels 43-43
SPECIES_GASTLY,,wild,FIVE_ISLAND_LOST_CAVE_ROOM2,land,varies,5,,,stock FireRed; levels 38-38
SPECIES_HAUNTER,,wild,FIVE_ISLAND_LOST_CAVE_ROOM2,land,varies,5,,,stock FireRed; levels 48-48
SPECIES_HAUNTER,,wild,FIVE_ISLAND_LOST_CAVE_ROOM2,land,varies,4,,,stock FireRed; levels 50-50
SPECIES_MURKROW,,wild,FIVE_ISLAND_LOST_CAVE_ROOM2,land,varies,4,,,stock FireRed; levels 22-22
SPECIES_HAUNTER,,wild,FIVE_ISLAND_LOST_CAVE_ROOM2,land,varies,1,,,stock FireRed; levels 52-52
SPECIES_MURKROW,,wild,FIVE_ISLAND_LOST_CAVE_ROOM2,land,varies,1,,,stock FireRed; levels 22-22
SPECIES_GASTLY,,wild,FIVE_ISLAND_LOST_CAVE_ROOM3,land,varies,20,,,stock FireRed; levels 40-40
SPECIES_ZUBAT,,wild,FIVE_ISLAND_LOST_CAVE_ROOM3,land,varies,20,,,stock FireRed; levels 37-37
SPECIES_HAUNTER,,wild,FIVE_ISLAND_LOST_CAVE_ROOM3,land,varies,10,,,stock FireRed; levels 44-44
SPECIES_HAUNTER,,wild,FIVE_ISLAND_LOST_CAVE_ROOM3,land,varies,10,,,stock FireRed; levels 46-46
SPECIES_GOLBAT,,wild,FIVE_ISLAND_LOST_CAVE_ROOM3,land,varies,10,,,stock FireRed; levels 41-41
SPECIES_GOLBAT,,wild,FIVE_ISLAND_LOST_CAVE_ROOM3,land,varies,10,,,stock FireRed; levels 43-43
SPECIES_GASTLY,,wild,FIVE_ISLAND_LOST_CAVE_ROOM3,land,varies,5,,,stock FireRed; levels 38-38
SPECIES_HAUNTER,,wild,FIVE_ISLAND_LOST_CAVE_ROOM3,land,varies,5,,,stock FireRed; levels 48-48
SPECIES_HAUNTER,,wild,FIVE_ISLAND_LOST_CAVE_ROOM3,land,varies,4,,,stock FireRed; levels 50-50
SPECIES_MURKROW,,wild,FIVE_ISLAND_LOST_CAVE_ROOM3,land,varies,4,,,stock FireRed; levels 22-22
SPECIES_HAUNTER,,wild,FIVE_ISLAND_LOST_CAVE_ROOM3,land,varies,1,,,stock FireRed; levels 52-52
SPECIES_MURKROW,,wild,FIVE_ISLAND_LOST_CAVE_ROOM3,land,varies,1,,,stock FireRed; levels 22-22
SPECIES_GASTLY,,wild,FIVE_ISLAND_LOST_CAVE_ROOM4,land,varies,20,,,stock FireRed; levels 40-40
SPECIES_ZUBAT,,wild,FIVE_ISLAND_LOST_CAVE_ROOM4,land,varies,20,,,stock FireRed; levels 37-37
SPECIES_HAUNTER,,wild,FIVE_ISLAND_LOST_CAVE_ROOM4,land,varies,10,,,stock FireRed; levels 44-44
SPECIES_HAUNTER,,wild,FIVE_ISLAND_LOST_CAVE_ROOM4,land,varies,10,,,stock FireRed; levels 46-46
SPECIES_GOLBAT,,wild,FIVE_ISLAND_LOST_CAVE_ROOM4,land,varies,10,,,stock FireRed; levels 41-41
SPECIES_GOLBAT,,wild,FIVE_ISLAND_LOST_CAVE_ROOM4,land,varies,10,,,stock FireRed; levels 43-43
SPECIES_GASTLY,,wild,FIVE_ISLAND_LOST_CAVE_ROOM4,land,varies,5,,,stock FireRed; levels 38-38
SPECIES_HAUNTER,,wild,FIVE_ISLAND_LOST_CAVE_ROOM4,land,varies,5,,,stock FireRed; levels 48-48
SPECIES_HAUNTER,,wild,FIVE_ISLAND_LOST_CAVE_ROOM4,land,varies,4,,,stock FireRed; levels 50-50
SPECIES_MURKROW,,wild,FIVE_ISLAND_LOST_CAVE_ROOM4,land,varies,4,,,stock FireRed; levels 22-22
SPECIES_HAUNTER,,wild,FIVE_ISLAND_LOST_CAVE_ROOM4,land,varies,1,,,stock FireRed; levels 52-52
SPECIES_MURKROW,,wild,FIVE_ISLAND_LOST_CAVE_ROOM4,land,varies,1,,,stock FireRed; levels 22-22
SPECIES_GASTLY,,wild,FIVE_ISLAND_LOST_CAVE_ROOM5,land,varies,20,,,stock FireRed; levels 40-40
SPECIES_ZUBAT,,wild,FIVE_ISLAND_LOST_CAVE_ROOM5,land,varies,20,,,stock FireRed; levels 37-37
SPECIES_HAUNTER,,wild,FIVE_ISLAND_LOST_CAVE_ROOM5,land,varies,10,,,stock FireRed; levels 44-44
SPECIES_HAUNTER,,wild,FIVE_ISLAND_LOST_CAVE_ROOM5,land,varies,10,,,stock FireRed; levels 46-46
SPECIES_GOLBAT,,wild,FIVE_ISLAND_LOST_CAVE_ROOM5,land,varies,10,,,stock FireRed; levels 41-41
SPECIES_GOLBAT,,wild,FIVE_ISLAND_LOST_CAVE_ROOM5,land,varies,10,,,stock FireRed; levels 43-43
SPECIES_GASTLY,,wild,FIVE_ISLAND_LOST_CAVE_ROOM5,land,varies,5,,,stock FireRed; levels 38-38
SPECIES_HAUNTER,,wild,FIVE_ISLAND_LOST_CAVE_ROOM5,land,varies,5,,,stock FireRed; levels 48-48
SPECIES_HAUNTER,,wild,FIVE_ISLAND_LOST_CAVE_ROOM5,land,varies,4,,,stock FireRed; levels 50-50
SPECIES_MURKROW,,wild,FIVE_ISLAND_LOST_CAVE_ROOM5,land,varies,4,,,stock FireRed; levels 22-22
SPECIES_HAUNTER,,wild,FIVE_ISLAND_LOST_CAVE_ROOM5,land,varies,1,,,stock FireRed; levels 52-52
SPECIES_MURKROW,,wild,FIVE_ISLAND_LOST_CAVE_ROOM5,land,varies,1,,,stock FireRed; levels 22-22
SPECIES_GASTLY,,wild,FIVE_ISLAND_LOST_CAVE_ROOM6,land,varies,20,,,stock FireRed; levels 40-40
SPECIES_ZUBAT,,wild,FIVE_ISLAND_LOST_CAVE_ROOM6,land,varies,20,,,stock FireRed; levels 37-37
SPECIES_HAUNTER,,wild,FIVE_ISLAND_LOST_CAVE_ROOM6,land,varies,10,,,stock FireRed; levels 44-44
SPECIES_HAUNTER,,wild,FIVE_ISLAND_LOST_CAVE_ROOM6,land,varies,10,,,stock FireRed; levels 46-46
SPECIES_GOLBAT,,wild,FIVE_ISLAND_LOST_CAVE_ROOM6,land,varies,10,,,stock FireRed; levels 41-41
SPECIES_GOLBAT,,wild,FIVE_ISLAND_LOST_CAVE_ROOM6,land,varies,10,,,stock FireRed; levels 43-43
SPECIES_GASTLY,,wild,FIVE_ISLAND_LOST_CAVE_ROOM6,land,varies,5,,,stock FireRed; levels 38-38
SPECIES_HAUNTER,,wild,FIVE_ISLAND_LOST_CAVE_ROOM6,land,varies,5,,,stock FireRed; levels 48-48
SPECIES_HAUNTER,,wild,FIVE_ISLAND_LOST_CAVE_ROOM6,land,varies,4,,,stock FireRed; levels 50-50
SPECIES_MURKROW,,wild,FIVE_ISLAND_LOST_CAVE_ROOM6,land,varies,4,,,stock FireRed; levels 22-22
SPECIES_HAUNTER,,wild,FIVE_ISLAND_LOST_CAVE_ROOM6,land,varies,1,,,stock FireRed; levels 52-52
SPECIES_MURKROW,,wild,FIVE_ISLAND_LOST_CAVE_ROOM6,land,varies,1,,,stock FireRed; levels 22-22
SPECIES_GASTLY,,wild,FIVE_ISLAND_LOST_CAVE_ROOM7,land,varies,20,,,stock FireRed; levels 40-40
SPECIES_ZUBAT,,wild,FIVE_ISLAND_LOST_CAVE_ROOM7,land,varies,20,,,stock FireRed; levels 37-37
SPECIES_HAUNTER,,wild,FIVE_ISLAND_LOST_CAVE_ROOM7,land,varies,10,,,stock FireRed; levels 44-44
SPECIES_HAUNTER,,wild,FIVE_ISLAND_LOST_CAVE_ROOM7,land,varies,10,,,stock FireRed; levels 46-46
SPECIES_GOLBAT,,wild,FIVE_ISLAND_LOST_CAVE_ROOM7,land,varies,10,,,stock FireRed; levels 41-41
SPECIES_GOLBAT,,wild,FIVE_ISLAND_LOST_CAVE_ROOM7,land,varies,10,,,stock FireRed; levels 43-43
SPECIES_GASTLY,,wild,FIVE_ISLAND_LOST_CAVE_ROOM7,land,varies,5,,,stock FireRed; levels 38-38
SPECIES_HAUNTER,,wild,FIVE_ISLAND_LOST_CAVE_ROOM7,land,varies,5,,,stock FireRed; levels 48-48
SPECIES_HAUNTER,,wild,FIVE_ISLAND_LOST_CAVE_ROOM7,land,varies,4,,,stock FireRed; levels 50-50
SPECIES_MURKROW,,wild,FIVE_ISLAND_LOST_CAVE_ROOM7,land,varies,4,,,stock FireRed; levels 22-22
SPECIES_HAUNTER,,wild,FIVE_ISLAND_LOST_CAVE_ROOM7,land,varies,1,,,stock FireRed; levels 52-52
SPECIES_MURKROW,,wild,FIVE_ISLAND_LOST_CAVE_ROOM7,land,varies,1,,,stock FireRed; levels 22-22
SPECIES_GASTLY,,wild,FIVE_ISLAND_LOST_CAVE_ROOM8,land,varies,20,,,stock FireRed; levels 40-40
SPECIES_ZUBAT,,wild,FIVE_ISLAND_LOST_CAVE_ROOM8,land,varies,20,,,stock FireRed; levels 37-37
SPECIES_HAUNTER,,wild,FIVE_ISLAND_LOST_CAVE_ROOM8,land,varies,10,,,stock FireRed; levels 44-44
SPECIES_HAUNTER,,wild,FIVE_ISLAND_LOST_CAVE_ROOM8,land,varies,10,,,stock FireRed; levels 46-46
SPECIES_GOLBAT,,wild,FIVE_ISLAND_LOST_CAVE_ROOM8,land,varies,10,,,stock FireRed; levels 41-41
SPECIES_GOLBAT,,wild,FIVE_ISLAND_LOST_CAVE_ROOM8,land,varies,10,,,stock FireRed; levels 43-43
SPECIES_GASTLY,,wild,FIVE_ISLAND_LOST_CAVE_ROOM8,land,varies,5,,,stock FireRed; levels 38-38
SPECIES_HAUNTER,,wild,FIVE_ISLAND_LOST_CAVE_ROOM8,land,varies,5,,,stock FireRed; levels 48-48
SPECIES_HAUNTER,,wild,FIVE_ISLAND_LOST_CAVE_ROOM8,land,varies,4,,,stock FireRed; levels 50-50
SPECIES_MURKROW,,wild,FIVE_ISLAND_LOST_CAVE_ROOM8,land,varies,4,,,stock FireRed; levels 22-22
SPECIES_HAUNTER,,wild,FIVE_ISLAND_LOST_CAVE_ROOM8,land,varies,1,,,stock FireRed; levels 52-52
SPECIES_MURKROW,,wild,FIVE_ISLAND_LOST_CAVE_ROOM8,land,varies,1,,,stock FireRed; levels 22-22
SPECIES_GASTLY,,wild,FIVE_ISLAND_LOST_CAVE_ROOM9,land,varies,20,,,stock FireRed; levels 40-40
SPECIES_ZUBAT,,wild,FIVE_ISLAND_LOST_CAVE_ROOM9,land,varies,20,,,stock FireRed; levels 37-37
SPECIES_HAUNTER,,wild,FIVE_ISLAND_LOST_CAVE_ROOM9,land,varies,10,,,stock FireRed; levels 44-44
SPECIES_HAUNTER,,wild,FIVE_ISLAND_LOST_CAVE_ROOM9,land,varies,10,,,stock FireRed; levels 46-46
SPECIES_GOLBAT,,wild,FIVE_ISLAND_LOST_CAVE_ROOM9,land,varies,10,,,stock FireRed; levels 41-41
SPECIES_GOLBAT,,wild,FIVE_ISLAND_LOST_CAVE_ROOM9,land,varies,10,,,stock FireRed; levels 43-43
SPECIES_GASTLY,,wild,FIVE_ISLAND_LOST_CAVE_ROOM9,land,varies,5,,,stock FireRed; levels 38-38
SPECIES_HAUNTER,,wild,FIVE_ISLAND_LOST_CAVE_ROOM9,land,varies,5,,,stock FireRed; levels 48-48
SPECIES_HAUNTER,,wild,FIVE_ISLAND_LOST_CAVE_ROOM9,land,varies,4,,,stock FireRed; levels 50-50
SPECIES_MURKROW,,wild,FIVE_ISLAND_LOST_CAVE_ROOM9,land,varies,4,,,stock FireRed; levels 22-22
SPECIES_HAUNTER,,wild,FIVE_ISLAND_LOST_CAVE_ROOM9,land,varies,1,,,stock FireRed; levels 52-52
SPECIES_MURKROW,,wild,FIVE_ISLAND_LOST_CAVE_ROOM9,land,varies,1,,,stock FireRed; levels 22-22
SPECIES_GASTLY,,wild,FIVE_ISLAND_LOST_CAVE_ROOM10,land,varies,20,,,stock FireRed; levels 40-40
SPECIES_ZUBAT,,wild,FIVE_ISLAND_LOST_CAVE_ROOM10,land,varies,20,,,stock FireRed; levels 37-37
SPECIES_HAUNTER,,wild,FIVE_ISLAND_LOST_CAVE_ROOM10,land,varies,10,,,stock FireRed; levels 44-44
SPECIES_HAUNTER,,wild,FIVE_ISLAND_LOST_CAVE_ROOM10,land,varies,10,,,stock FireRed; levels 46-46
SPECIES_GOLBAT,,wild,FIVE_ISLAND_LOST_CAVE_ROOM10,land,varies,10,,,stock FireRed; levels 41-41
SPECIES_GOLBAT,,wild,FIVE_ISLAND_LOST_CAVE_ROOM10,land,varies,10,,,stock FireRed; levels 43-43
SPECIES_GASTLY,,wild,FIVE_ISLAND_LOST_CAVE_ROOM10,land,varies,5,,,stock FireRed; levels 38-38
SPECIES_HAUNTER,,wild,FIVE_ISLAND_LOST_CAVE_ROOM10,land,varies,5,,,stock FireRed; levels 48-48
SPECIES_HAUNTER,,wild,FIVE_ISLAND_LOST_CAVE_ROOM10,land,varies,4,,,stock FireRed; levels 50-50
SPECIES_MURKROW,,wild,FIVE_ISLAND_LOST_CAVE_ROOM10,land,varies,4,,,stock FireRed; levels 22-22
SPECIES_HAUNTER,,wild,FIVE_ISLAND_LOST_CAVE_ROOM10,land,varies,1,,,stock FireRed; levels 52-52
SPECIES_MURKROW,,wild,FIVE_ISLAND_LOST_CAVE_ROOM10,land,varies,1,,,stock FireRed; levels 22-22
SPECIES_GASTLY,,wild,FIVE_ISLAND_LOST_CAVE_ROOM11,land,varies,20,,,stock FireRed; levels 40-40
SPECIES_ZUBAT,,wild,FIVE_ISLAND_LOST_CAVE_ROOM11,land,varies,20,,,stock FireRed; levels 37-37
SPECIES_HAUNTER,,wild,FIVE_ISLAND_LOST_CAVE_ROOM11,land,varies,10,,,stock FireRed; levels 44-44
SPECIES_HAUNTER,,wild,FIVE_ISLAND_LOST_CAVE_ROOM11,land,varies,10,,,stock FireRed; levels 46-46
SPECIES_GOLBAT,,wild,FIVE_ISLAND_LOST_CAVE_ROOM11,land,varies,10,,,stock FireRed; levels 41-41
SPECIES_MURKROW,,wild,FIVE_ISLAND_LOST_CAVE_ROOM11,land,varies,10,,,stock FireRed; levels 15-15
SPECIES_MURKROW,,wild,FIVE_ISLAND_LOST_CAVE_ROOM11,land,varies,5,,,stock FireRed; levels 20-20
SPECIES_HAUNTER,,wild,FIVE_ISLAND_LOST_CAVE_ROOM11,land,varies,5,,,stock FireRed; levels 48-48
SPECIES_HAUNTER,,wild,FIVE_ISLAND_LOST_CAVE_ROOM11,land,varies,4,,,stock FireRed; levels 50-50
SPECIES_MURKROW,,wild,FIVE_ISLAND_LOST_CAVE_ROOM11,land,varies,4,,,stock FireRed; levels 22-22
SPECIES_HAUNTER,,wild,FIVE_ISLAND_LOST_CAVE_ROOM11,land,varies,1,,,stock FireRed; levels 52-52
SPECIES_MURKROW,,wild,FIVE_ISLAND_LOST_CAVE_ROOM11,land,varies,1,,,stock FireRed; levels 22-22
SPECIES_GASTLY,,wild,FIVE_ISLAND_LOST_CAVE_ROOM12,land,varies,20,,,stock FireRed; levels 40-40
SPECIES_ZUBAT,,wild,FIVE_ISLAND_LOST_CAVE_ROOM12,land,varies,20,,,stock FireRed; levels 37-37
SPECIES_HAUNTER,,wild,FIVE_ISLAND_LOST_CAVE_ROOM12,land,varies,10,,,stock FireRed; levels 44-44
SPECIES_HAUNTER,,wild,FIVE_ISLAND_LOST_CAVE_ROOM12,land,varies,10,,,stock FireRed; levels 46-46
SPECIES_GOLBAT,,wild,FIVE_ISLAND_LOST_CAVE_ROOM12,land,varies,10,,,stock FireRed; levels 41-41
SPECIES_MURKROW,,wild,FIVE_ISLAND_LOST_CAVE_ROOM12,land,varies,10,,,stock FireRed; levels 15-15
SPECIES_MURKROW,,wild,FIVE_ISLAND_LOST_CAVE_ROOM12,land,varies,5,,,stock FireRed; levels 20-20
SPECIES_HAUNTER,,wild,FIVE_ISLAND_LOST_CAVE_ROOM12,land,varies,5,,,stock FireRed; levels 48-48
SPECIES_HAUNTER,,wild,FIVE_ISLAND_LOST_CAVE_ROOM12,land,varies,4,,,stock FireRed; levels 50-50
SPECIES_MURKROW,,wild,FIVE_ISLAND_LOST_CAVE_ROOM12,land,varies,4,,,stock FireRed; levels 22-22
SPECIES_HAUNTER,,wild,FIVE_ISLAND_LOST_CAVE_ROOM12,land,varies,1,,,stock FireRed; levels 52-52
SPECIES_MURKROW,,wild,FIVE_ISLAND_LOST_CAVE_ROOM12,land,varies,1,,,stock FireRed; levels 22-22
SPECIES_GASTLY,,wild,FIVE_ISLAND_LOST_CAVE_ROOM13,land,varies,20,,,stock FireRed; levels 40-40
SPECIES_ZUBAT,,wild,FIVE_ISLAND_LOST_CAVE_ROOM13,land,varies,20,,,stock FireRed; levels 37-37
SPECIES_HAUNTER,,wild,FIVE_ISLAND_LOST_CAVE_ROOM13,land,varies,10,,,stock FireRed; levels 44-44
SPECIES_HAUNTER,,wild,FIVE_ISLAND_LOST_CAVE_ROOM13,land,varies,10,,,stock FireRed; levels 46-46
SPECIES_GOLBAT,,wild,FIVE_ISLAND_LOST_CAVE_ROOM13,land,varies,10,,,stock FireRed; levels 41-41
SPECIES_MURKROW,,wild,FIVE_ISLAND_LOST_CAVE_ROOM13,land,varies,10,,,stock FireRed; levels 15-15
SPECIES_MURKROW,,wild,FIVE_ISLAND_LOST_CAVE_ROOM13,land,varies,5,,,stock FireRed; levels 20-20
SPECIES_HAUNTER,,wild,FIVE_ISLAND_LOST_CAVE_ROOM13,land,varies,5,,,stock FireRed; levels 48-48
SPECIES_HAUNTER,,wild,FIVE_ISLAND_LOST_CAVE_ROOM13,land,varies,4,,,stock FireRed; levels 50-50
SPECIES_MURKROW,,wild,FIVE_ISLAND_LOST_CAVE_ROOM13,land,varies,4,,,stock FireRed; levels 22-22
SPECIES_HAUNTER,,wild,FIVE_ISLAND_LOST_CAVE_ROOM13,land,varies,1,,,stock FireRed; levels 52-52
SPECIES_MURKROW,,wild,FIVE_ISLAND_LOST_CAVE_ROOM13,land,varies,1,,,stock FireRed; levels 22-22
SPECIES_GASTLY,,wild,FIVE_ISLAND_LOST_CAVE_ROOM14,land,varies,20,,,stock FireRed; levels 40-40
SPECIES_ZUBAT,,wild,FIVE_ISLAND_LOST_CAVE_ROOM14,land,varies,20,,,stock FireRed; levels 37-37
SPECIES_HAUNTER,,wild,FIVE_ISLAND_LOST_CAVE_ROOM14,land,varies,10,,,stock FireRed; levels 44-44
SPECIES_HAUNTER,,wild,FIVE_ISLAND_LOST_CAVE_ROOM14,land,varies,10,,,stock FireRed; levels 46-46
SPECIES_GOLBAT,,wild,FIVE_ISLAND_LOST_CAVE_ROOM14,land,varies,10,,,stock FireRed; levels 41-41
SPECIES_MURKROW,,wild,FIVE_ISLAND_LOST_CAVE_ROOM14,land,varies,10,,,stock FireRed; levels 15-15
SPECIES_MURKROW,,wild,FIVE_ISLAND_LOST_CAVE_ROOM14,land,varies,5,,,stock FireRed; levels 20-20
SPECIES_HAUNTER,,wild,FIVE_ISLAND_LOST_CAVE_ROOM14,land,varies,5,,,stock FireRed; levels 48-48
SPECIES_HAUNTER,,wild,FIVE_ISLAND_LOST_CAVE_ROOM14,land,varies,4,,,stock FireRed; levels 50-50
SPECIES_MURKROW,,wild,FIVE_ISLAND_LOST_CAVE_ROOM14,land,varies,4,,,stock FireRed; levels 22-22
SPECIES_HAUNTER,,wild,FIVE_ISLAND_LOST_CAVE_ROOM14,land,varies,1,,,stock FireRed; levels 52-52
SPECIES_MURKROW,,wild,FIVE_ISLAND_LOST_CAVE_ROOM14,land,varies,1,,,stock FireRed; levels 22-22
SPECIES_SPEAROW,,wild,ONE_ISLAND_KINDLE_ROAD,land,varies,20,,,stock FireRed; levels 32-32
SPECIES_PONYTA,,wild,ONE_ISLAND_KINDLE_ROAD,land,varies,20,,,stock FireRed; levels 34-34
SPECIES_FEAROW,,wild,ONE_ISLAND_KINDLE_ROAD,land,varies,10,,,stock FireRed; levels 36-36
SPECIES_PONYTA,,wild,ONE_ISLAND_KINDLE_ROAD,land,varies,10,,,stock FireRed; levels 31-31
SPECIES_GEODUDE,,wild,ONE_ISLAND_KINDLE_ROAD,land,varies,10,,,stock FireRed; levels 31-31
SPECIES_MEOWTH,,wild,ONE_ISLAND_KINDLE_ROAD,land,varies,10,,,stock FireRed; levels 31-31
SPECIES_SPEAROW,,wild,ONE_ISLAND_KINDLE_ROAD,land,varies,5,,,stock FireRed; levels 30-30
SPECIES_PSYDUCK,,wild,ONE_ISLAND_KINDLE_ROAD,land,varies,5,,,stock FireRed; levels 34-34
SPECIES_RAPIDASH,,wild,ONE_ISLAND_KINDLE_ROAD,land,varies,4,,,stock FireRed; levels 37-37
SPECIES_PERSIAN,,wild,ONE_ISLAND_KINDLE_ROAD,land,varies,4,,,stock FireRed; levels 37-37
SPECIES_RAPIDASH,,wild,ONE_ISLAND_KINDLE_ROAD,land,varies,1,,,stock FireRed; levels 40-40
SPECIES_PERSIAN,,wild,ONE_ISLAND_KINDLE_ROAD,land,varies,1,,,stock FireRed; levels 40-40
SPECIES_TENTACOOL,,wild,ONE_ISLAND_KINDLE_ROAD,water,varies,60,,,stock FireRed; levels 5-20
SPECIES_TENTACOOL,,wild,ONE_ISLAND_KINDLE_ROAD,water,varies,30,,,stock FireRed; levels 20-35
SPECIES_TENTACOOL,,wild,ONE_ISLAND_KINDLE_ROAD,water,varies,5,,,stock FireRed; levels 35-40
SPECIES_TENTACRUEL,,wild,ONE_ISLAND_KINDLE_ROAD,water,varies,4,,,stock FireRed; levels 35-40
SPECIES_TENTACRUEL,,wild,ONE_ISLAND_KINDLE_ROAD,water,varies,1,,,stock FireRed; levels 35-40
SPECIES_GEODUDE,,wild,ONE_ISLAND_KINDLE_ROAD,rock_smash,varies,60,,,stock FireRed; levels 5-20
SPECIES_GEODUDE,,wild,ONE_ISLAND_KINDLE_ROAD,rock_smash,varies,30,,,stock FireRed; levels 10-20
SPECIES_GEODUDE,,wild,ONE_ISLAND_KINDLE_ROAD,rock_smash,varies,5,,,stock FireRed; levels 15-30
SPECIES_GRAVELER,,wild,ONE_ISLAND_KINDLE_ROAD,rock_smash,varies,4,,,stock FireRed; levels 25-40
SPECIES_GRAVELER,,wild,ONE_ISLAND_KINDLE_ROAD,rock_smash,varies,1,,,stock FireRed; levels 30-40
SPECIES_MAGIKARP,,wild,ONE_ISLAND_KINDLE_ROAD,fishing,varies,70,,,stock FireRed; levels 5-5
SPECIES_MAGIKARP,,wild,ONE_ISLAND_KINDLE_ROAD,fishing,varies,30,,,stock FireRed; levels 5-5
SPECIES_HORSEA,,wild,ONE_ISLAND_KINDLE_ROAD,fishing,varies,60,,,stock FireRed; levels 5-15
SPECIES_MAGIKARP,,wild,ONE_ISLAND_KINDLE_ROAD,fishing,varies,20,,,stock FireRed; levels 5-15
SPECIES_HORSEA,,wild,ONE_ISLAND_KINDLE_ROAD,fishing,varies,20,,,stock FireRed; levels 5-15
SPECIES_HORSEA,,wild,ONE_ISLAND_KINDLE_ROAD,fishing,varies,40,,,stock FireRed; levels 15-25
SPECIES_HORSEA,,wild,ONE_ISLAND_KINDLE_ROAD,fishing,varies,40,,,stock FireRed; levels 15-25
SPECIES_GYARADOS,,wild,ONE_ISLAND_KINDLE_ROAD,fishing,varies,15,,,stock FireRed; levels 15-25
SPECIES_SEADRA,,wild,ONE_ISLAND_KINDLE_ROAD,fishing,varies,4,,,stock FireRed; levels 25-35
SPECIES_PSYDUCK,,wild,ONE_ISLAND_KINDLE_ROAD,fishing,varies,1,,,stock FireRed; levels 25-35
SPECIES_SPEAROW,,wild,ONE_ISLAND_TREASURE_BEACH,land,varies,20,,,stock FireRed; levels 32-32
SPECIES_TANGELA,,wild,ONE_ISLAND_TREASURE_BEACH,land,varies,20,,,stock FireRed; levels 33-33
SPECIES_SPEAROW,,wild,ONE_ISLAND_TREASURE_BEACH,land,varies,10,,,stock FireRed; levels 31-31
SPECIES_TANGELA,,wild,ONE_ISLAND_TREASURE_BEACH,land,varies,10,,,stock FireRed; levels 35-35
SPECIES_FEAROW,,wild,ONE_ISLAND_TREASURE_BEACH,land,varies,10,,,stock FireRed; levels 36-36
SPECIES_MEOWTH,,wild,ONE_ISLAND_TREASURE_BEACH,land,varies,10,,,stock FireRed; levels 31-31
SPECIES_FEAROW,,wild,ONE_ISLAND_TREASURE_BEACH,land,varies,5,,,stock FireRed; levels 38-38
SPECIES_PSYDUCK,,wild,ONE_ISLAND_TREASURE_BEACH,land,varies,5,,,stock FireRed; levels 31-31
SPECIES_FEAROW,,wild,ONE_ISLAND_TREASURE_BEACH,land,varies,4,,,stock FireRed; levels 40-40
SPECIES_PERSIAN,,wild,ONE_ISLAND_TREASURE_BEACH,land,varies,4,,,stock FireRed; levels 37-37
SPECIES_FEAROW,,wild,ONE_ISLAND_TREASURE_BEACH,land,varies,1,,,stock FireRed; levels 40-40
SPECIES_PERSIAN,,wild,ONE_ISLAND_TREASURE_BEACH,land,varies,1,,,stock FireRed; levels 40-40
SPECIES_TENTACOOL,,wild,ONE_ISLAND_TREASURE_BEACH,water,varies,60,,,stock FireRed; levels 5-20
SPECIES_TENTACOOL,,wild,ONE_ISLAND_TREASURE_BEACH,water,varies,30,,,stock FireRed; levels 20-35
SPECIES_TENTACOOL,,wild,ONE_ISLAND_TREASURE_BEACH,water,varies,5,,,stock FireRed; levels 35-40
SPECIES_TENTACRUEL,,wild,ONE_ISLAND_TREASURE_BEACH,water,varies,4,,,stock FireRed; levels 35-40
SPECIES_TENTACRUEL,,wild,ONE_ISLAND_TREASURE_BEACH,water,varies,1,,,stock FireRed; levels 35-40
SPECIES_MAGIKARP,,wild,ONE_ISLAND_TREASURE_BEACH,fishing,varies,70,,,stock FireRed; levels 5-5
SPECIES_MAGIKARP,,wild,ONE_ISLAND_TREASURE_BEACH,fishing,varies,30,,,stock FireRed; levels 5-5
SPECIES_HORSEA,,wild,ONE_ISLAND_TREASURE_BEACH,fishing,varies,60,,,stock FireRed; levels 5-15
SPECIES_MAGIKARP,,wild,ONE_ISLAND_TREASURE_BEACH,fishing,varies,20,,,stock FireRed; levels 5-15
SPECIES_HORSEA,,wild,ONE_ISLAND_TREASURE_BEACH,fishing,varies,20,,,stock FireRed; levels 5-15
SPECIES_HORSEA,,wild,ONE_ISLAND_TREASURE_BEACH,fishing,varies,40,,,stock FireRed; levels 15-25
SPECIES_HORSEA,,wild,ONE_ISLAND_TREASURE_BEACH,fishing,varies,40,,,stock FireRed; levels 15-25
SPECIES_GYARADOS,,wild,ONE_ISLAND_TREASURE_BEACH,fishing,varies,15,,,stock FireRed; levels 15-25
SPECIES_SEADRA,,wild,ONE_ISLAND_TREASURE_BEACH,fishing,varies,4,,,stock FireRed; levels 25-35
SPECIES_PSYDUCK,,wild,ONE_ISLAND_TREASURE_BEACH,fishing,varies,1,,,stock FireRed; levels 25-35
SPECIES_SPEAROW,,wild,TWO_ISLAND_CAPE_BRINK,land,varies,20,,,stock FireRed; levels 31-31
SPECIES_ODDISH,,wild,TWO_ISLAND_CAPE_BRINK,land,varies,20,,,stock FireRed; levels 30-30
SPECIES_ODDISH,,wild,TWO_ISLAND_CAPE_BRINK,land,varies,10,,,stock FireRed; levels 32-32
SPECIES_GLOOM,,wild,TWO_ISLAND_CAPE_BRINK,land,varies,10,,,stock FireRed; levels 36-36
SPECIES_FEAROW,,wild,TWO_ISLAND_CAPE_BRINK,land,varies,10,,,stock FireRed; levels 36-36
SPECIES_MEOWTH,,wild,TWO_ISLAND_CAPE_BRINK,land,varies,10,,,stock FireRed; levels 31-31
SPECIES_GLOOM,,wild,TWO_ISLAND_CAPE_BRINK,land,varies,5,,,stock FireRed; levels 38-38
SPECIES_PSYDUCK,,wild,TWO_ISLAND_CAPE_BRINK,land,varies,5,,,stock FireRed; levels 31-31
SPECIES_GOLDUCK,,wild,TWO_ISLAND_CAPE_BRINK,land,varies,4,,,stock FireRed; levels 37-37
SPECIES_PERSIAN,,wild,TWO_ISLAND_CAPE_BRINK,land,varies,4,,,stock FireRed; levels 37-37
SPECIES_GOLDUCK,,wild,TWO_ISLAND_CAPE_BRINK,land,varies,1,,,stock FireRed; levels 40-40
SPECIES_PERSIAN,,wild,TWO_ISLAND_CAPE_BRINK,land,varies,1,,,stock FireRed; levels 40-40
SPECIES_PSYDUCK,,wild,TWO_ISLAND_CAPE_BRINK,water,varies,60,,,stock FireRed; levels 5-20
SPECIES_PSYDUCK,,wild,TWO_ISLAND_CAPE_BRINK,water,varies,30,,,stock FireRed; levels 20-35
SPECIES_PSYDUCK,,wild,TWO_ISLAND_CAPE_BRINK,water,varies,5,,,stock FireRed; levels 35-40
SPECIES_GOLDUCK,,wild,TWO_ISLAND_CAPE_BRINK,water,varies,4,,,stock FireRed; levels 35-40
SPECIES_GOLDUCK,,wild,TWO_ISLAND_CAPE_BRINK,water,varies,1,,,stock FireRed; levels 35-40
SPECIES_MAGIKARP,,wild,TWO_ISLAND_CAPE_BRINK,fishing,varies,70,,,stock FireRed; levels 5-5
SPECIES_MAGIKARP,,wild,TWO_ISLAND_CAPE_BRINK,fishing,varies,30,,,stock FireRed; levels 5-5
SPECIES_POLIWAG,,wild,TWO_ISLAND_CAPE_BRINK,fishing,varies,60,,,stock FireRed; levels 5-15
SPECIES_MAGIKARP,,wild,TWO_ISLAND_CAPE_BRINK,fishing,varies,20,,,stock FireRed; levels 5-15
SPECIES_GOLDEEN,,wild,TWO_ISLAND_CAPE_BRINK,fishing,varies,20,,,stock FireRed; levels 5-15
SPECIES_POLIWAG,,wild,TWO_ISLAND_CAPE_BRINK,fishing,varies,40,,,stock FireRed; levels 15-25
SPECIES_POLIWHIRL,,wild,TWO_ISLAND_CAPE_BRINK,fishing,varies,40,,,stock FireRed; levels 20-30
SPECIES_GYARADOS,,wild,TWO_ISLAND_CAPE_BRINK,fishing,varies,15,,,stock FireRed; levels 15-25
SPECIES_PSYDUCK,,wild,TWO_ISLAND_CAPE_BRINK,fishing,varies,4,,,stock FireRed; levels 15-25
SPECIES_PSYDUCK,,wild,TWO_ISLAND_CAPE_BRINK,fishing,varies,1,,,stock FireRed; levels 25-35
SPECIES_PIDGEY,,wild,THREE_ISLAND_BOND_BRIDGE,land,varies,20,,,stock FireRed; levels 32-32
SPECIES_ODDISH,,wild,THREE_ISLAND_BOND_BRIDGE,land,varies,20,,,stock FireRed; levels 31-31
SPECIES_PIDGEY,,wild,THREE_ISLAND_BOND_BRIDGE,land,varies,10,,,stock FireRed; levels 29-29
SPECIES_GLOOM,,wild,THREE_ISLAND_BOND_BRIDGE,land,varies,10,,,stock FireRed; levels 36-36
SPECIES_PIDGEOTTO,,wild,THREE_ISLAND_BOND_BRIDGE,land,varies,10,,,stock FireRed; levels 34-34
SPECIES_MEOWTH,,wild,THREE_ISLAND_BOND_BRIDGE,land,varies,10,,,stock FireRed; levels 31-31
SPECIES_VENONAT,,wild,THREE_ISLAND_BOND_BRIDGE,land,varies,5,,,stock FireRed; levels 34-34
SPECIES_PSYDUCK,,wild,THREE_ISLAND_BOND_BRIDGE,land,varies,5,,,stock FireRed; levels 31-31
SPECIES_PIDGEOTTO,,wild,THREE_ISLAND_BOND_BRIDGE,land,varies,4,,,stock FireRed; levels 37-37
SPECIES_PERSIAN,,wild,THREE_ISLAND_BOND_BRIDGE,land,varies,4,,,stock FireRed; levels 37-37
SPECIES_PIDGEOTTO,,wild,THREE_ISLAND_BOND_BRIDGE,land,varies,1,,,stock FireRed; levels 40-40
SPECIES_PERSIAN,,wild,THREE_ISLAND_BOND_BRIDGE,land,varies,1,,,stock FireRed; levels 40-40
SPECIES_TENTACOOL,,wild,THREE_ISLAND_BOND_BRIDGE,water,varies,60,,,stock FireRed; levels 5-20
SPECIES_TENTACOOL,,wild,THREE_ISLAND_BOND_BRIDGE,water,varies,30,,,stock FireRed; levels 20-35
SPECIES_TENTACOOL,,wild,THREE_ISLAND_BOND_BRIDGE,water,varies,5,,,stock FireRed; levels 35-40
SPECIES_TENTACRUEL,,wild,THREE_ISLAND_BOND_BRIDGE,water,varies,4,,,stock FireRed; levels 35-40
SPECIES_TENTACRUEL,,wild,THREE_ISLAND_BOND_BRIDGE,water,varies,1,,,stock FireRed; levels 35-40
SPECIES_MAGIKARP,,wild,THREE_ISLAND_BOND_BRIDGE,fishing,varies,70,,,stock FireRed; levels 5-5
SPECIES_MAGIKARP,,wild,THREE_ISLAND_BOND_BRIDGE,fishing,varies,30,,,stock FireRed; levels 5-5
SPECIES_HORSEA,,wild,THREE_ISLAND_BOND_BRIDGE,fishing,varies,60,,,stock FireRed; levels 5-15
SPECIES_MAGIKARP,,wild,THREE_ISLAND_BOND_BRIDGE,fishing,varies,20,,,stock FireRed; levels 5-15
SPECIES_HORSEA,,wild,THREE_ISLAND_BOND_BRIDGE,fishing,varies,20,,,stock FireRed; levels 5-15
SPECIES_HORSEA,,wild,THREE_ISLAND_BOND_BRIDGE,fishing,varies,40,,,stock FireRed; levels 15-25
SPECIES_HORSEA,,wild,THREE_ISLAND_BOND_BRIDGE,fishing,varies,40,,,stock FireRed; levels 15-25
SPECIES_GYARADOS,,wild,THREE_ISLAND_BOND_BRIDGE,fishing,varies,15,,,stock FireRed; levels 15-25
SPECIES_SEADRA,,wild,THREE_ISLAND_BOND_BRIDGE,fishing,varies,4,,,stock FireRed; levels 25-35
SPECIES_PSYDUCK,,wild,THREE_ISLAND_BOND_BRIDGE,fishing,varies,1,,,stock FireRed; levels 25-35
SPECIES_DUNSPARCE,,wild,THREE_ISLAND_PORT,land,varies,20,,,stock FireRed; levels 15-15
SPECIES_DUNSPARCE,,wild,THREE_ISLAND_PORT,land,varies,20,,,stock FireRed; levels 15-15
SPECIES_DUNSPARCE,,wild,THREE_ISLAND_PORT,land,varies,10,,,stock FireRed; levels 10-10
SPECIES_DUNSPARCE,,wild,THREE_ISLAND_PORT,land,varies,10,,,stock FireRed; levels 10-10
SPECIES_DUNSPARCE,,wild,THREE_ISLAND_PORT,land,varies,10,,,stock FireRed; levels 20-20
SPECIES_DUNSPARCE,,wild,THREE_ISLAND_PORT,land,varies,10,,,stock FireRed; levels 20-20
SPECIES_DUNSPARCE,,wild,THREE_ISLAND_PORT,land,varies,5,,,stock FireRed; levels 25-25
SPECIES_DUNSPARCE,,wild,THREE_ISLAND_PORT,land,varies,5,,,stock FireRed; levels 30-30
SPECIES_DUNSPARCE,,wild,THREE_ISLAND_PORT,land,varies,4,,,stock FireRed; levels 25-25
SPECIES_DUNSPARCE,,wild,THREE_ISLAND_PORT,land,varies,4,,,stock FireRed; levels 30-30
SPECIES_DUNSPARCE,,wild,THREE_ISLAND_PORT,land,varies,1,,,stock FireRed; levels 5-5
SPECIES_DUNSPARCE,,wild,THREE_ISLAND_PORT,land,varies,1,,,stock FireRed; levels 35-35
SPECIES_TENTACOOL,,wild,FIVE_ISLAND_RESORT_GORGEOUS,water,varies,60,,,stock FireRed; levels 5-35
SPECIES_HOPPIP,,wild,FIVE_ISLAND_RESORT_GORGEOUS,water,varies,30,,,stock FireRed; levels 5-15
SPECIES_TENTACOOL,,wild,FIVE_ISLAND_RESORT_GORGEOUS,water,varies,5,,,stock FireRed; levels 35-40
SPECIES_TENTACRUEL,,wild,FIVE_ISLAND_RESORT_GORGEOUS,water,varies,4,,,stock FireRed; levels 35-40
SPECIES_TENTACRUEL,,wild,FIVE_ISLAND_RESORT_GORGEOUS,water,varies,1,,,stock FireRed; levels 35-40
SPECIES_MAGIKARP,,wild,FIVE_ISLAND_RESORT_GORGEOUS,fishing,varies,70,,,stock FireRed; levels 5-5
SPECIES_MAGIKARP,,wild,FIVE_ISLAND_RESORT_GORGEOUS,fishing,varies,30,,,stock FireRed; levels 5-5
SPECIES_HORSEA,,wild,FIVE_ISLAND_RESORT_GORGEOUS,fishing,varies,60,,,stock FireRed; levels 5-15
SPECIES_MAGIKARP,,wild,FIVE_ISLAND_RESORT_GORGEOUS,fishing,varies,20,,,stock FireRed; levels 5-15
SPECIES_HORSEA,,wild,FIVE_ISLAND_RESORT_GORGEOUS,fishing,varies,20,,,stock FireRed; levels 5-15
SPECIES_HORSEA,,wild,FIVE_ISLAND_RESORT_GORGEOUS,fishing,varies,40,,,stock FireRed; levels 15-25
SPECIES_QWILFISH,,wild,FIVE_ISLAND_RESORT_GORGEOUS,fishing,varies,40,,,stock FireRed; levels 15-25
SPECIES_GYARADOS,,wild,FIVE_ISLAND_RESORT_GORGEOUS,fishing,varies,15,,,stock FireRed; levels 15-25
SPECIES_SEADRA,,wild,FIVE_ISLAND_RESORT_GORGEOUS,fishing,varies,4,,,stock FireRed; levels 25-35
SPECIES_PSYDUCK,,wild,FIVE_ISLAND_RESORT_GORGEOUS,fishing,varies,1,,,stock FireRed; levels 25-35
SPECIES_TENTACOOL,,wild,FIVE_ISLAND_WATER_LABYRINTH,water,varies,60,,,stock FireRed; levels 5-20
SPECIES_HOPPIP,,wild,FIVE_ISLAND_WATER_LABYRINTH,water,varies,30,,,stock FireRed; levels 5-15
SPECIES_TENTACOOL,,wild,FIVE_ISLAND_WATER_LABYRINTH,water,varies,5,,,stock FireRed; levels 35-40
SPECIES_TENTACRUEL,,wild,FIVE_ISLAND_WATER_LABYRINTH,water,varies,4,,,stock FireRed; levels 35-40
SPECIES_TENTACRUEL,,wild,FIVE_ISLAND_WATER_LABYRINTH,water,varies,1,,,stock FireRed; levels 35-40
SPECIES_MAGIKARP,,wild,FIVE_ISLAND_WATER_LABYRINTH,fishing,varies,70,,,stock FireRed; levels 5-5
SPECIES_MAGIKARP,,wild,FIVE_ISLAND_WATER_LABYRINTH,fishing,varies,30,,,stock FireRed; levels 5-5
SPECIES_HORSEA,,wild,FIVE_ISLAND_WATER_LABYRINTH,fishing,varies,60,,,stock FireRed; levels 5-15
SPECIES_MAGIKARP,,wild,FIVE_ISLAND_WATER_LABYRINTH,fishing,varies,20,,,stock FireRed; levels 5-15
SPECIES_HORSEA,,wild,FIVE_ISLAND_WATER_LABYRINTH,fishing,varies,20,,,stock FireRed; levels 5-15
SPECIES_HORSEA,,wild,FIVE_ISLAND_WATER_LABYRINTH,fishing,varies,40,,,stock FireRed; levels 15-25
SPECIES_QWILFISH,,wild,FIVE_ISLAND_WATER_LABYRINTH,fishing,varies,40,,,stock FireRed; levels 15-25
SPECIES_GYARADOS,,wild,FIVE_ISLAND_WATER_LABYRINTH,fishing,varies,15,,,stock FireRed; levels 15-25
SPECIES_SEADRA,,wild,FIVE_ISLAND_WATER_LABYRINTH,fishing,varies,4,,,stock FireRed; levels 25-35
SPECIES_PSYDUCK,,wild,FIVE_ISLAND_WATER_LABYRINTH,fishing,varies,1,,,stock FireRed; levels 25-35
SPECIES_PIDGEY,,wild,FIVE_ISLAND_MEADOW,land,varies,20,,,stock FireRed; levels 44-44
SPECIES_SENTRET,,wild,FIVE_ISLAND_MEADOW,land,varies,20,,,stock FireRed; levels 10-10
SPECIES_PIDGEOTTO,,wild,FIVE_ISLAND_MEADOW,land,varies,10,,,stock FireRed; levels 48-48
SPECIES_HOPPIP,,wild,FIVE_ISLAND_MEADOW,land,varies,10,,,stock FireRed; levels 10-10
SPECIES_SENTRET,,wild,FIVE_ISLAND_MEADOW,land,varies,10,,,stock FireRed; levels 15-15
SPECIES_MEOWTH,,wild,FIVE_ISLAND_MEADOW,land,varies,10,,,stock FireRed; levels 41-41
SPECIES_HOPPIP,,wild,FIVE_ISLAND_MEADOW,land,varies,5,,,stock FireRed; levels 15-15
SPECIES_PSYDUCK,,wild,FIVE_ISLAND_MEADOW,land,varies,5,,,stock FireRed; levels 41-41
SPECIES_PIDGEOTTO,,wild,FIVE_ISLAND_MEADOW,land,varies,4,,,stock FireRed; levels 50-50
SPECIES_PERSIAN,,wild,FIVE_ISLAND_MEADOW,land,varies,4,,,stock FireRed; levels 47-47
SPECIES_PIDGEOTTO,,wild,FIVE_ISLAND_MEADOW,land,varies,1,,,stock FireRed; levels 50-50
SPECIES_PERSIAN,,wild,FIVE_ISLAND_MEADOW,land,varies,1,,,stock FireRed; levels 50-50
SPECIES_TENTACOOL,,wild,FIVE_ISLAND_MEADOW,water,varies,60,,,stock FireRed; levels 5-35
SPECIES_HOPPIP,,wild,FIVE_ISLAND_MEADOW,water,varies,30,,,stock FireRed; levels 5-15
SPECIES_TENTACOOL,,wild,FIVE_ISLAND_MEADOW,water,varies,5,,,stock FireRed; levels 35-40
SPECIES_TENTACRUEL,,wild,FIVE_ISLAND_MEADOW,water,varies,4,,,stock FireRed; levels 35-40
SPECIES_TENTACRUEL,,wild,FIVE_ISLAND_MEADOW,water,varies,1,,,stock FireRed; levels 35-40
SPECIES_MAGIKARP,,wild,FIVE_ISLAND_MEADOW,fishing,varies,70,,,stock FireRed; levels 5-5
SPECIES_MAGIKARP,,wild,FIVE_ISLAND_MEADOW,fishing,varies,30,,,stock FireRed; levels 5-5
SPECIES_HORSEA,,wild,FIVE_ISLAND_MEADOW,fishing,varies,60,,,stock FireRed; levels 5-15
SPECIES_MAGIKARP,,wild,FIVE_ISLAND_MEADOW,fishing,varies,20,,,stock FireRed; levels 5-15
SPECIES_HORSEA,,wild,FIVE_ISLAND_MEADOW,fishing,varies,20,,,stock FireRed; levels 5-15
SPECIES_HORSEA,,wild,FIVE_ISLAND_MEADOW,fishing,varies,40,,,stock FireRed; levels 15-25
SPECIES_QWILFISH,,wild,FIVE_ISLAND_MEADOW,fishing,varies,40,,,stock FireRed; levels 15-25
SPECIES_GYARADOS,,wild,FIVE_ISLAND_MEADOW,fishing,varies,15,,,stock FireRed; levels 15-25
SPECIES_SEADRA,,wild,FIVE_ISLAND_MEADOW,fishing,varies,4,,,stock FireRed; levels 25-35
SPECIES_PSYDUCK,,wild,FIVE_ISLAND_MEADOW,fishing,varies,1,,,stock FireRed; levels 25-35
SPECIES_HOPPIP,,wild,FIVE_ISLAND_MEMORIAL_PILLAR,land,varies,20,,,stock FireRed; levels 10-10
SPECIES_HOPPIP,,wild,FIVE_ISLAND_MEMORIAL_PILLAR,land,varies,20,,,stock FireRed; levels 12-12
SPECIES_HOPPIP,,wild,FIVE_ISLAND_MEMORIAL_PILLAR,land,varies,10,,,stock FireRed; levels 8-8
SPECIES_HOPPIP,,wild,FIVE_ISLAND_MEMORIAL_PILLAR,land,varies,10,,,stock FireRed; levels 14-14
SPECIES_HOPPIP,,wild,FIVE_ISLAND_MEMORIAL_PILLAR,land,varies,10,,,stock FireRed; levels 10-10
SPECIES_HOPPIP,,wild,FIVE_ISLAND_MEMORIAL_PILLAR,land,varies,10,,,stock FireRed; levels 12-12
SPECIES_HOPPIP,,wild,FIVE_ISLAND_MEMORIAL_PILLAR,land,varies,5,,,stock FireRed; levels 16-16
SPECIES_HOPPIP,,wild,FIVE_ISLAND_MEMORIAL_PILLAR,land,varies,5,,,stock FireRed; levels 6-6
SPECIES_HOPPIP,,wild,FIVE_ISLAND_MEMORIAL_PILLAR,land,varies,4,,,stock FireRed; levels 8-8
SPECIES_HOPPIP,,wild,FIVE_ISLAND_MEMORIAL_PILLAR,land,varies,4,,,stock FireRed; levels 14-14
SPECIES_HOPPIP,,wild,FIVE_ISLAND_MEMORIAL_PILLAR,land,varies,1,,,stock FireRed; levels 8-8
SPECIES_HOPPIP,,wild,FIVE_ISLAND_MEMORIAL_PILLAR,land,varies,1,,,stock FireRed; levels 14-14
SPECIES_TENTACOOL,,wild,FIVE_ISLAND_MEMORIAL_PILLAR,water,varies,60,,,stock FireRed; levels 5-35
SPECIES_HOPPIP,,wild,FIVE_ISLAND_MEMORIAL_PILLAR,water,varies,30,,,stock FireRed; levels 5-15
SPECIES_TENTACOOL,,wild,FIVE_ISLAND_MEMORIAL_PILLAR,water,varies,5,,,stock FireRed; levels 35-40
SPECIES_TENTACRUEL,,wild,FIVE_ISLAND_MEMORIAL_PILLAR,water,varies,4,,,stock FireRed; levels 35-40
SPECIES_TENTACRUEL,,wild,FIVE_ISLAND_MEMORIAL_PILLAR,water,varies,1,,,stock FireRed; levels 35-40
SPECIES_MAGIKARP,,wild,FIVE_ISLAND_MEMORIAL_PILLAR,fishing,varies,70,,,stock FireRed; levels 5-5
SPECIES_MAGIKARP,,wild,FIVE_ISLAND_MEMORIAL_PILLAR,fishing,varies,30,,,stock FireRed; levels 5-5
SPECIES_HORSEA,,wild,FIVE_ISLAND_MEMORIAL_PILLAR,fishing,varies,60,,,stock FireRed; levels 5-15
SPECIES_MAGIKARP,,wild,FIVE_ISLAND_MEMORIAL_PILLAR,fishing,varies,20,,,stock FireRed; levels 5-15
SPECIES_HORSEA,,wild,FIVE_ISLAND_MEMORIAL_PILLAR,fishing,varies,20,,,stock FireRed; levels 5-15
SPECIES_HORSEA,,wild,FIVE_ISLAND_MEMORIAL_PILLAR,fishing,varies,40,,,stock FireRed; levels 15-25
SPECIES_QWILFISH,,wild,FIVE_ISLAND_MEMORIAL_PILLAR,fishing,varies,40,,,stock FireRed; levels 15-25
SPECIES_GYARADOS,,wild,FIVE_ISLAND_MEMORIAL_PILLAR,fishing,varies,15,,,stock FireRed; levels 15-25
SPECIES_SEADRA,,wild,FIVE_ISLAND_MEMORIAL_PILLAR,fishing,varies,4,,,stock FireRed; levels 25-35
SPECIES_PSYDUCK,,wild,FIVE_ISLAND_MEMORIAL_PILLAR,fishing,varies,1,,,stock FireRed; levels 25-35
SPECIES_TENTACOOL,,wild,SIX_ISLAND_OUTCAST_ISLAND,water,varies,60,,,stock FireRed; levels 5-20
SPECIES_TENTACOOL,,wild,SIX_ISLAND_OUTCAST_ISLAND,water,varies,30,,,stock FireRed; levels 20-35
SPECIES_TENTACOOL,,wild,SIX_ISLAND_OUTCAST_ISLAND,water,varies,5,,,stock FireRed; levels 35-40
SPECIES_TENTACRUEL,,wild,SIX_ISLAND_OUTCAST_ISLAND,water,varies,4,,,stock FireRed; levels 35-40
SPECIES_TENTACRUEL,,wild,SIX_ISLAND_OUTCAST_ISLAND,water,varies,1,,,stock FireRed; levels 35-40
SPECIES_MAGIKARP,,wild,SIX_ISLAND_OUTCAST_ISLAND,fishing,varies,70,,,stock FireRed; levels 5-5
SPECIES_MAGIKARP,,wild,SIX_ISLAND_OUTCAST_ISLAND,fishing,varies,30,,,stock FireRed; levels 5-5
SPECIES_HORSEA,,wild,SIX_ISLAND_OUTCAST_ISLAND,fishing,varies,60,,,stock FireRed; levels 5-15
SPECIES_MAGIKARP,,wild,SIX_ISLAND_OUTCAST_ISLAND,fishing,varies,20,,,stock FireRed; levels 5-15
SPECIES_HORSEA,,wild,SIX_ISLAND_OUTCAST_ISLAND,fishing,varies,20,,,stock FireRed; levels 5-15
SPECIES_HORSEA,,wild,SIX_ISLAND_OUTCAST_ISLAND,fishing,varies,40,,,stock FireRed; levels 15-25
SPECIES_QWILFISH,,wild,SIX_ISLAND_OUTCAST_ISLAND,fishing,varies,40,,,stock FireRed; levels 15-25
SPECIES_GYARADOS,,wild,SIX_ISLAND_OUTCAST_ISLAND,fishing,varies,15,,,stock FireRed; levels 15-25
SPECIES_SEADRA,,wild,SIX_ISLAND_OUTCAST_ISLAND,fishing,varies,4,,,stock FireRed; levels 25-35
SPECIES_PSYDUCK,,wild,SIX_ISLAND_OUTCAST_ISLAND,fishing,varies,1,,,stock FireRed; levels 25-35
SPECIES_TENTACOOL,,wild,SIX_ISLAND_GREEN_PATH,water,varies,60,,,stock FireRed; levels 5-20
SPECIES_TENTACOOL,,wild,SIX_ISLAND_GREEN_PATH,water,varies,30,,,stock FireRed; levels 20-35
SPECIES_TENTACOOL,,wild,SIX_ISLAND_GREEN_PATH,water,varies,5,,,stock FireRed; levels 35-40
SPECIES_TENTACRUEL,,wild,SIX_ISLAND_GREEN_PATH,water,varies,4,,,stock FireRed; levels 35-40
SPECIES_TENTACRUEL,,wild,SIX_ISLAND_GREEN_PATH,water,varies,1,,,stock FireRed; levels 35-40
SPECIES_MAGIKARP,,wild,SIX_ISLAND_GREEN_PATH,fishing,varies,70,,,stock FireRed; levels 5-5
SPECIES_MAGIKARP,,wild,SIX_ISLAND_GREEN_PATH,fishing,varies,30,,,stock FireRed; levels 5-5
SPECIES_HORSEA,,wild,SIX_ISLAND_GREEN_PATH,fishing,varies,60,,,stock FireRed; levels 5-15
SPECIES_MAGIKARP,,wild,SIX_ISLAND_GREEN_PATH,fishing,varies,20,,,stock FireRed; levels 5-15
SPECIES_HORSEA,,wild,SIX_ISLAND_GREEN_PATH,fishing,varies,20,,,stock FireRed; levels 5-15
SPECIES_HORSEA,,wild,SIX_ISLAND_GREEN_PATH,fishing,varies,40,,,stock FireRed; levels 15-25
SPECIES_QWILFISH,,wild,SIX_ISLAND_GREEN_PATH,fishing,varies,40,,,stock FireRed; levels 15-25
SPECIES_GYARADOS,,wild,SIX_ISLAND_GREEN_PATH,fishing,varies,15,,,stock FireRed; levels 15-25
SPECIES_SEADRA,,wild,SIX_ISLAND_GREEN_PATH,fishing,varies,4,,,stock FireRed; levels 25-35
SPECIES_PSYDUCK,,wild,SIX_ISLAND_GREEN_PATH,fishing,varies,1,,,stock FireRed; levels 25-35
SPECIES_SPEAROW,,wild,SIX_ISLAND_WATER_PATH,land,varies,20,,,stock FireRed; levels 44-44
SPECIES_SENTRET,,wild,SIX_ISLAND_WATER_PATH,land,varies,20,,,stock FireRed; levels 10-10
SPECIES_ODDISH,,wild,SIX_ISLAND_WATER_PATH,land,varies,10,,,stock FireRed; levels 44-44
SPECIES_FEAROW,,wild,SIX_ISLAND_WATER_PATH,land,varies,10,,,stock FireRed; levels 48-48
SPECIES_SENTRET,,wild,SIX_ISLAND_WATER_PATH,land,varies,10,,,stock FireRed; levels 15-15
SPECIES_MEOWTH,,wild,SIX_ISLAND_WATER_PATH,land,varies,10,,,stock FireRed; levels 41-41
SPECIES_GLOOM,,wild,SIX_ISLAND_WATER_PATH,land,varies,5,,,stock FireRed; levels 48-48
SPECIES_PSYDUCK,,wild,SIX_ISLAND_WATER_PATH,land,varies,5,,,stock FireRed; levels 41-41
SPECIES_FEAROW,,wild,SIX_ISLAND_WATER_PATH,land,varies,4,,,stock FireRed; levels 50-50
SPECIES_PERSIAN,,wild,SIX_ISLAND_WATER_PATH,land,varies,4,,,stock FireRed; levels 47-47
SPECIES_FEAROW,,wild,SIX_ISLAND_WATER_PATH,land,varies,1,,,stock FireRed; levels 50-50
SPECIES_PERSIAN,,wild,SIX_ISLAND_WATER_PATH,land,varies,1,,,stock FireRed; levels 50-50
SPECIES_TENTACOOL,,wild,SIX_ISLAND_WATER_PATH,water,varies,60,,,stock FireRed; levels 5-20
SPECIES_TENTACOOL,,wild,SIX_ISLAND_WATER_PATH,water,varies,30,,,stock FireRed; levels 20-35
SPECIES_TENTACOOL,,wild,SIX_ISLAND_WATER_PATH,water,varies,5,,,stock FireRed; levels 35-40
SPECIES_TENTACRUEL,,wild,SIX_ISLAND_WATER_PATH,water,varies,4,,,stock FireRed; levels 35-40
SPECIES_TENTACRUEL,,wild,SIX_ISLAND_WATER_PATH,water,varies,1,,,stock FireRed; levels 35-40
SPECIES_MAGIKARP,,wild,SIX_ISLAND_WATER_PATH,fishing,varies,70,,,stock FireRed; levels 5-5
SPECIES_MAGIKARP,,wild,SIX_ISLAND_WATER_PATH,fishing,varies,30,,,stock FireRed; levels 5-5
SPECIES_HORSEA,,wild,SIX_ISLAND_WATER_PATH,fishing,varies,60,,,stock FireRed; levels 5-15
SPECIES_MAGIKARP,,wild,SIX_ISLAND_WATER_PATH,fishing,varies,20,,,stock FireRed; levels 5-15
SPECIES_HORSEA,,wild,SIX_ISLAND_WATER_PATH,fishing,varies,20,,,stock FireRed; levels 5-15
SPECIES_HORSEA,,wild,SIX_ISLAND_WATER_PATH,fishing,varies,40,,,stock FireRed; levels 15-25
SPECIES_QWILFISH,,wild,SIX_ISLAND_WATER_PATH,fishing,varies,40,,,stock FireRed; levels 15-25
SPECIES_GYARADOS,,wild,SIX_ISLAND_WATER_PATH,fishing,varies,15,,,stock FireRed; levels 15-25
SPECIES_SEADRA,,wild,SIX_ISLAND_WATER_PATH,fishing,varies,4,,,stock FireRed; levels 25-35
SPECIES_PSYDUCK,,wild,SIX_ISLAND_WATER_PATH,fishing,varies,1,,,stock FireRed; levels 25-35
SPECIES_NATU,,wild,SIX_ISLAND_RUIN_VALLEY,land,varies,20,,,stock FireRed; levels 15-15
SPECIES_SPEAROW,,wild,SIX_ISLAND_RUIN_VALLEY,land,varies,20,,,stock FireRed; levels 44-44
SPECIES_YANMA,,wild,SIX_ISLAND_RUIN_VALLEY,land,varies,10,,,stock FireRed; levels 18-18
SPECIES_WOOPER,,wild,SIX_ISLAND_RUIN_VALLEY,land,varies,10,,,stock FireRed; levels 15-15
SPECIES_FEAROW,,wild,SIX_ISLAND_RUIN_VALLEY,land,varies,10,,,stock FireRed; levels 49-49
SPECIES_MEOWTH,,wild,SIX_ISLAND_RUIN_VALLEY,land,varies,10,,,stock FireRed; levels 43-43
SPECIES_WOBBUFFET,,wild,SIX_ISLAND_RUIN_VALLEY,land,varies,5,,,stock FireRed; levels 25-25
SPECIES_PSYDUCK,,wild,SIX_ISLAND_RUIN_VALLEY,land,varies,5,,,stock FireRed; levels 41-41
SPECIES_NATU,,wild,SIX_ISLAND_RUIN_VALLEY,land,varies,4,,,stock FireRed; levels 20-20
SPECIES_PERSIAN,,wild,SIX_ISLAND_RUIN_VALLEY,land,varies,4,,,stock FireRed; levels 49-49
SPECIES_NATU,,wild,SIX_ISLAND_RUIN_VALLEY,land,varies,1,,,stock FireRed; levels 20-20
SPECIES_PERSIAN,,wild,SIX_ISLAND_RUIN_VALLEY,land,varies,1,,,stock FireRed; levels 52-52
SPECIES_WOOPER,,wild,SIX_ISLAND_RUIN_VALLEY,water,varies,60,,,stock FireRed; levels 5-20
SPECIES_WOOPER,,wild,SIX_ISLAND_RUIN_VALLEY,water,varies,30,,,stock FireRed; levels 10-20
SPECIES_WOOPER,,wild,SIX_ISLAND_RUIN_VALLEY,water,varies,5,,,stock FireRed; levels 15-25
SPECIES_WOOPER,,wild,SIX_ISLAND_RUIN_VALLEY,water,varies,4,,,stock FireRed; levels 20-25
SPECIES_WOOPER,,wild,SIX_ISLAND_RUIN_VALLEY,water,varies,1,,,stock FireRed; levels 20-25
SPECIES_MAGIKARP,,wild,SIX_ISLAND_RUIN_VALLEY,fishing,varies,70,,,stock FireRed; levels 5-5
SPECIES_MAGIKARP,,wild,SIX_ISLAND_RUIN_VALLEY,fishing,varies,30,,,stock FireRed; levels 5-5
SPECIES_POLIWAG,,wild,SIX_ISLAND_RUIN_VALLEY,fishing,varies,60,,,stock FireRed; levels 5-15
SPECIES_MAGIKARP,,wild,SIX_ISLAND_RUIN_VALLEY,fishing,varies,20,,,stock FireRed; levels 5-15
SPECIES_GOLDEEN,,wild,SIX_ISLAND_RUIN_VALLEY,fishing,varies,20,,,stock FireRed; levels 5-15
SPECIES_POLIWAG,,wild,SIX_ISLAND_RUIN_VALLEY,fishing,varies,40,,,stock FireRed; levels 15-25
SPECIES_POLIWHIRL,,wild,SIX_ISLAND_RUIN_VALLEY,fishing,varies,40,,,stock FireRed; levels 20-30
SPECIES_GYARADOS,,wild,SIX_ISLAND_RUIN_VALLEY,fishing,varies,15,,,stock FireRed; levels 15-25
SPECIES_PSYDUCK,,wild,SIX_ISLAND_RUIN_VALLEY,fishing,varies,4,,,stock FireRed; levels 15-25
SPECIES_PSYDUCK,,wild,SIX_ISLAND_RUIN_VALLEY,fishing,varies,1,,,stock FireRed; levels 25-35
SPECIES_TENTACOOL,,wild,SEVEN_ISLAND_TRAINER_TOWER,water,varies,60,,,stock FireRed; levels 5-20
SPECIES_TENTACOOL,,wild,SEVEN_ISLAND_TRAINER_TOWER,water,varies,30,,,stock FireRed; levels 20-35
SPECIES_TENTACOOL,,wild,SEVEN_ISLAND_TRAINER_TOWER,water,varies,5,,,stock FireRed; levels 35-40
SPECIES_TENTACRUEL,,wild,SEVEN_ISLAND_TRAINER_TOWER,water,varies,4,,,stock FireRed; levels 35-40
SPECIES_TENTACRUEL,,wild,SEVEN_ISLAND_TRAINER_TOWER,water,varies,1,,,stock FireRed; levels 35-40
SPECIES_MAGIKARP,,wild,SEVEN_ISLAND_TRAINER_TOWER,fishing,varies,70,,,stock FireRed; levels 5-5
SPECIES_MAGIKARP,,wild,SEVEN_ISLAND_TRAINER_TOWER,fishing,varies,30,,,stock FireRed; levels 5-5
SPECIES_HORSEA,,wild,SEVEN_ISLAND_TRAINER_TOWER,fishing,varies,60,,,stock FireRed; levels 5-15
SPECIES_MAGIKARP,,wild,SEVEN_ISLAND_TRAINER_TOWER,fishing,varies,20,,,stock FireRed; levels 5-15
SPECIES_HORSEA,,wild,SEVEN_ISLAND_TRAINER_TOWER,fishing,varies,20,,,stock FireRed; levels 5-15
SPECIES_HORSEA,,wild,SEVEN_ISLAND_TRAINER_TOWER,fishing,varies,40,,,stock FireRed; levels 15-25
SPECIES_QWILFISH,,wild,SEVEN_ISLAND_TRAINER_TOWER,fishing,varies,40,,,stock FireRed; levels 15-25
SPECIES_GYARADOS,,wild,SEVEN_ISLAND_TRAINER_TOWER,fishing,varies,15,,,stock FireRed; levels 15-25
SPECIES_SEADRA,,wild,SEVEN_ISLAND_TRAINER_TOWER,fishing,varies,4,,,stock FireRed; levels 25-35
SPECIES_PSYDUCK,,wild,SEVEN_ISLAND_TRAINER_TOWER,fishing,varies,1,,,stock FireRed; levels 25-35
SPECIES_SPEAROW,,wild,SEVEN_ISLAND_SEVAULT_CANYON_ENTRANCE,land,varies,20,,,stock FireRed; levels 44-44
SPECIES_SENTRET,,wild,SEVEN_ISLAND_SEVAULT_CANYON_ENTRANCE,land,varies,20,,,stock FireRed; levels 10-10
SPECIES_PHANPY,,wild,SEVEN_ISLAND_SEVAULT_CANYON_ENTRANCE,land,varies,10,,,stock FireRed; levels 10-10
SPECIES_FEAROW,,wild,SEVEN_ISLAND_SEVAULT_CANYON_ENTRANCE,land,varies,10,,,stock FireRed; levels 48-48
SPECIES_SENTRET,,wild,SEVEN_ISLAND_SEVAULT_CANYON_ENTRANCE,land,varies,10,,,stock FireRed; levels 15-15
SPECIES_MEOWTH,,wild,SEVEN_ISLAND_SEVAULT_CANYON_ENTRANCE,land,varies,10,,,stock FireRed; levels 41-41
SPECIES_FEAROW,,wild,SEVEN_ISLAND_SEVAULT_CANYON_ENTRANCE,land,varies,5,,,stock FireRed; levels 50-50
SPECIES_PSYDUCK,,wild,SEVEN_ISLAND_SEVAULT_CANYON_ENTRANCE,land,varies,5,,,stock FireRed; levels 41-41
SPECIES_PHANPY,,wild,SEVEN_ISLAND_SEVAULT_CANYON_ENTRANCE,land,varies,4,,,stock FireRed; levels 15-15
SPECIES_PERSIAN,,wild,SEVEN_ISLAND_SEVAULT_CANYON_ENTRANCE,land,varies,4,,,stock FireRed; levels 47-47
SPECIES_PHANPY,,wild,SEVEN_ISLAND_SEVAULT_CANYON_ENTRANCE,land,varies,1,,,stock FireRed; levels 15-15
SPECIES_PERSIAN,,wild,SEVEN_ISLAND_SEVAULT_CANYON_ENTRANCE,land,varies,1,,,stock FireRed; levels 50-50
SPECIES_GEODUDE,,wild,SEVEN_ISLAND_SEVAULT_CANYON,land,varies,20,,,stock FireRed; levels 46-46
SPECIES_PHANPY,,wild,SEVEN_ISLAND_SEVAULT_CANYON,land,varies,20,,,stock FireRed; levels 15-15
SPECIES_CUBONE,,wild,SEVEN_ISLAND_SEVAULT_CANYON,land,varies,10,,,stock FireRed; levels 46-46
SPECIES_FEAROW,,wild,SEVEN_ISLAND_SEVAULT_CANYON,land,varies,10,,,stock FireRed; levels 50-50
SPECIES_MAROWAK,,wild,SEVEN_ISLAND_SEVAULT_CANYON,land,varies,10,,,stock FireRed; levels 52-52
SPECIES_MEOWTH,,wild,SEVEN_ISLAND_SEVAULT_CANYON,land,varies,10,,,stock FireRed; levels 43-43
SPECIES_ONIX,,wild,SEVEN_ISLAND_SEVAULT_CANYON,land,varies,5,,,stock FireRed; levels 54-54
SPECIES_SKARMORY,,wild,SEVEN_ISLAND_SEVAULT_CANYON,land,varies,5,,,stock FireRed; levels 30-30
SPECIES_LARVITAR,,wild,SEVEN_ISLAND_SEVAULT_CANYON,land,varies,4,,,stock FireRed; levels 15-15
SPECIES_PERSIAN,,wild,SEVEN_ISLAND_SEVAULT_CANYON,land,varies,4,,,stock FireRed; levels 49-49
SPECIES_LARVITAR,,wild,SEVEN_ISLAND_SEVAULT_CANYON,land,varies,1,,,stock FireRed; levels 20-20
SPECIES_PERSIAN,,wild,SEVEN_ISLAND_SEVAULT_CANYON,land,varies,1,,,stock FireRed; levels 52-52
SPECIES_GEODUDE,,wild,SEVEN_ISLAND_SEVAULT_CANYON,rock_smash,varies,60,,,stock FireRed; levels 25-35
SPECIES_GRAVELER,,wild,SEVEN_ISLAND_SEVAULT_CANYON,rock_smash,varies,30,,,stock FireRed; levels 30-45
SPECIES_GRAVELER,,wild,SEVEN_ISLAND_SEVAULT_CANYON,rock_smash,varies,5,,,stock FireRed; levels 35-50
SPECIES_GEODUDE,,wild,SEVEN_ISLAND_SEVAULT_CANYON,rock_smash,varies,4,,,stock FireRed; levels 30-40
SPECIES_GEODUDE,,wild,SEVEN_ISLAND_SEVAULT_CANYON,rock_smash,varies,1,,,stock FireRed; levels 30-40
SPECIES_TENTACOOL,,wild,SEVEN_ISLAND_TANOBY_RUINS,water,varies,60,,,stock FireRed; levels 5-20
SPECIES_TENTACOOL,,wild,SEVEN_ISLAND_TANOBY_RUINS,water,varies,30,,,stock FireRed; levels 20-35
SPECIES_TENTACOOL,,wild,SEVEN_ISLAND_TANOBY_RUINS,water,varies,5,,,stock FireRed; levels 35-40
SPECIES_TENTACRUEL,,wild,SEVEN_ISLAND_TANOBY_RUINS,water,varies,4,,,stock FireRed; levels 35-40
SPECIES_TENTACRUEL,,wild,SEVEN_ISLAND_TANOBY_RUINS,water,varies,1,,,stock FireRed; levels 35-40
SPECIES_MAGIKARP,,wild,SEVEN_ISLAND_TANOBY_RUINS,fishing,varies,70,,,stock FireRed; levels 5-5
SPECIES_MAGIKARP,,wild,SEVEN_ISLAND_TANOBY_RUINS,fishing,varies,30,,,stock FireRed; levels 5-5
SPECIES_HORSEA,,wild,SEVEN_ISLAND_TANOBY_RUINS,fishing,varies,60,,,stock FireRed; levels 5-15
SPECIES_MAGIKARP,,wild,SEVEN_ISLAND_TANOBY_RUINS,fishing,varies,20,,,stock FireRed; levels 5-15
SPECIES_HORSEA,,wild,SEVEN_ISLAND_TANOBY_RUINS,fishing,varies,20,,,stock FireRed; levels 5-15
SPECIES_HORSEA,,wild,SEVEN_ISLAND_TANOBY_RUINS,fishing,varies,40,,,stock FireRed; levels 15-25
SPECIES_QWILFISH,,wild,SEVEN_ISLAND_TANOBY_RUINS,fishing,varies,40,,,stock FireRed; levels 15-25
SPECIES_GYARADOS,,wild,SEVEN_ISLAND_TANOBY_RUINS,fishing,varies,15,,,stock FireRed; levels 15-25
SPECIES_SEADRA,,wild,SEVEN_ISLAND_TANOBY_RUINS,fishing,varies,4,,,stock FireRed; levels 25-35
SPECIES_PSYDUCK,,wild,SEVEN_ISLAND_TANOBY_RUINS,fishing,varies,1,,,stock FireRed; levels 25-35
SPECIES_PIDGEY,,wild,ROUTE1,land,varies,20,,,stock FireRed; levels 3-3
SPECIES_RATTATA,,wild,ROUTE1,land,varies,20,,,stock FireRed; levels 3-3
SPECIES_PIDGEY,,wild,ROUTE1,land,varies,10,,,stock FireRed; levels 3-3
SPECIES_RATTATA,,wild,ROUTE1,land,varies,10,,,stock FireRed; levels 3-3
SPECIES_PIDGEY,,wild,ROUTE1,land,varies,10,,,stock FireRed; levels 2-2
SPECIES_RATTATA,,wild,ROUTE1,land,varies,10,,,stock FireRed; levels 2-2
SPECIES_PIDGEY,,wild,ROUTE1,land,varies,5,,,stock FireRed; levels 3-3
SPECIES_RATTATA,,wild,ROUTE1,land,varies,5,,,stock FireRed; levels 3-3
SPECIES_PIDGEY,,wild,ROUTE1,land,varies,4,,,stock FireRed; levels 4-4
SPECIES_RATTATA,,wild,ROUTE1,land,varies,4,,,stock FireRed; levels 4-4
SPECIES_PIDGEY,,wild,ROUTE1,land,varies,1,,,stock FireRed; levels 5-5
SPECIES_RATTATA,,wild,ROUTE1,land,varies,1,,,stock FireRed; levels 4-4
SPECIES_RATTATA,,wild,ROUTE2,land,varies,20,,,stock FireRed; levels 3-3
SPECIES_PIDGEY,,wild,ROUTE2,land,varies,20,,,stock FireRed; levels 3-3
SPECIES_RATTATA,,wild,ROUTE2,land,varies,10,,,stock FireRed; levels 4-4
SPECIES_PIDGEY,,wild,ROUTE2,land,varies,10,,,stock FireRed; levels 4-4
SPECIES_RATTATA,,wild,ROUTE2,land,varies,10,,,stock FireRed; levels 2-2
SPECIES_PIDGEY,,wild,ROUTE2,land,varies,10,,,stock FireRed; levels 2-2
SPECIES_RATTATA,,wild,ROUTE2,land,varies,5,,,stock FireRed; levels 5-5
SPECIES_PIDGEY,,wild,ROUTE2,land,varies,5,,,stock FireRed; levels 5-5
SPECIES_CATERPIE,,wild,ROUTE2,land,varies,4,,,stock FireRed; levels 4-4
SPECIES_WEEDLE,,wild,ROUTE2,land,varies,4,,,stock FireRed; levels 4-4
SPECIES_CATERPIE,,wild,ROUTE2,land,varies,1,,,stock FireRed; levels 5-5
SPECIES_WEEDLE,,wild,ROUTE2,land,varies,1,,,stock FireRed; levels 5-5
SPECIES_SPEAROW,,wild,ROUTE3,land,varies,20,,,stock FireRed; levels 6-6
SPECIES_PIDGEY,,wild,ROUTE3,land,varies,20,,,stock FireRed; levels 6-6
SPECIES_SPEAROW,,wild,ROUTE3,land,varies,10,,,stock FireRed; levels 7-7
SPECIES_MANKEY,,wild,ROUTE3,land,varies,10,,,stock FireRed; levels 7-7
SPECIES_NIDORAN_M,,wild,ROUTE3,land,varies,10,,,stock FireRed; levels 6-6
SPECIES_PIDGEY,,wild,ROUTE3,land,varies,10,,,stock FireRed; levels 7-7
SPECIES_SPEAROW,,wild,ROUTE3,land,varies,5,,,stock FireRed; levels 8-8
SPECIES_JIGGLYPUFF,,wild,ROUTE3,land,varies,5,,,stock FireRed; levels 3-3
SPECIES_NIDORAN_M,,wild,ROUTE3,land,varies,4,,,stock FireRed; levels 7-7
SPECIES_JIGGLYPUFF,,wild,ROUTE3,land,varies,4,,,stock FireRed; levels 5-5
SPECIES_NIDORAN_F,,wild,ROUTE3,land,varies,1,,,stock FireRed; levels 6-6
SPECIES_JIGGLYPUFF,,wild,ROUTE3,land,varies,1,,,stock FireRed; levels 7-7
SPECIES_SPEAROW,,wild,ROUTE4,land,varies,20,,,stock FireRed; levels 10-10
SPECIES_RATTATA,,wild,ROUTE4,land,varies,20,,,stock FireRed; levels 10-10
SPECIES_EKANS,,wild,ROUTE4,land,varies,10,,,stock FireRed; levels 6-6
SPECIES_EKANS,,wild,ROUTE4,land,varies,10,,,stock FireRed; levels 10-10
SPECIES_SPEAROW,,wild,ROUTE4,land,varies,10,,,stock FireRed; levels 8-8
SPECIES_RATTATA,,wild,ROUTE4,land,varies,10,,,stock FireRed; levels 8-8
SPECIES_SPEAROW,,wild,ROUTE4,land,varies,5,,,stock FireRed; levels 12-12
SPECIES_RATTATA,,wild,ROUTE4,land,varies,5,,,stock FireRed; levels 12-12
SPECIES_MANKEY,,wild,ROUTE4,land,varies,4,,,stock FireRed; levels 10-10
SPECIES_EKANS,,wild,ROUTE4,land,varies,4,,,stock FireRed; levels 8-8
SPECIES_MANKEY,,wild,ROUTE4,land,varies,1,,,stock FireRed; levels 12-12
SPECIES_EKANS,,wild,ROUTE4,land,varies,1,,,stock FireRed; levels 12-12
SPECIES_TENTACOOL,,wild,ROUTE4,water,varies,60,,,stock FireRed; levels 5-10
SPECIES_TENTACOOL,,wild,ROUTE4,water,varies,30,,,stock FireRed; levels 10-20
SPECIES_TENTACOOL,,wild,ROUTE4,water,varies,5,,,stock FireRed; levels 20-30
SPECIES_TENTACOOL,,wild,ROUTE4,water,varies,4,,,stock FireRed; levels 30-35
SPECIES_TENTACOOL,,wild,ROUTE4,water,varies,1,,,stock FireRed; levels 35-40
SPECIES_MAGIKARP,,wild,ROUTE4,fishing,varies,70,,,stock FireRed; levels 5-5
SPECIES_MAGIKARP,,wild,ROUTE4,fishing,varies,30,,,stock FireRed; levels 5-5
SPECIES_HORSEA,,wild,ROUTE4,fishing,varies,60,,,stock FireRed; levels 5-15
SPECIES_MAGIKARP,,wild,ROUTE4,fishing,varies,20,,,stock FireRed; levels 5-15
SPECIES_KRABBY,,wild,ROUTE4,fishing,varies,20,,,stock FireRed; levels 5-15
SPECIES_HORSEA,,wild,ROUTE4,fishing,varies,40,,,stock FireRed; levels 15-25
SPECIES_HORSEA,,wild,ROUTE4,fishing,varies,40,,,stock FireRed; levels 15-25
SPECIES_GYARADOS,,wild,ROUTE4,fishing,varies,15,,,stock FireRed; levels 15-25
SPECIES_HORSEA,,wild,ROUTE4,fishing,varies,4,,,stock FireRed; levels 25-35
SPECIES_PSYDUCK,,wild,ROUTE4,fishing,varies,1,,,stock FireRed; levels 25-35
SPECIES_MEOWTH,,wild,ROUTE5,land,varies,20,,,stock FireRed; levels 10-10
SPECIES_PIDGEY,,wild,ROUTE5,land,varies,20,,,stock FireRed; levels 13-13
SPECIES_ODDISH,,wild,ROUTE5,land,varies,10,,,stock FireRed; levels 13-13
SPECIES_MEOWTH,,wild,ROUTE5,land,varies,10,,,stock FireRed; levels 12-12
SPECIES_ODDISH,,wild,ROUTE5,land,varies,10,,,stock FireRed; levels 15-15
SPECIES_PIDGEY,,wild,ROUTE5,land,varies,10,,,stock FireRed; levels 15-15
SPECIES_ODDISH,,wild,ROUTE5,land,varies,5,,,stock FireRed; levels 16-16
SPECIES_PIDGEY,,wild,ROUTE5,land,varies,5,,,stock FireRed; levels 16-16
SPECIES_PIDGEY,,wild,ROUTE5,land,varies,4,,,stock FireRed; levels 15-15
SPECIES_MEOWTH,,wild,ROUTE5,land,varies,4,,,stock FireRed; levels 14-14
SPECIES_PIDGEY,,wild,ROUTE5,land,varies,1,,,stock FireRed; levels 15-15
SPECIES_MEOWTH,,wild,ROUTE5,land,varies,1,,,stock FireRed; levels 16-16
SPECIES_MEOWTH,,wild,ROUTE6,land,varies,20,,,stock FireRed; levels 10-10
SPECIES_PIDGEY,,wild,ROUTE6,land,varies,20,,,stock FireRed; levels 13-13
SPECIES_ODDISH,,wild,ROUTE6,land,varies,10,,,stock FireRed; levels 13-13
SPECIES_MEOWTH,,wild,ROUTE6,land,varies,10,,,stock FireRed; levels 12-12
SPECIES_ODDISH,,wild,ROUTE6,land,varies,10,,,stock FireRed; levels 15-15
SPECIES_PIDGEY,,wild,ROUTE6,land,varies,10,,,stock FireRed; levels 15-15
SPECIES_ODDISH,,wild,ROUTE6,land,varies,5,,,stock FireRed; levels 16-16
SPECIES_PIDGEY,,wild,ROUTE6,land,varies,5,,,stock FireRed; levels 16-16
SPECIES_PIDGEY,,wild,ROUTE6,land,varies,4,,,stock FireRed; levels 15-15
SPECIES_MEOWTH,,wild,ROUTE6,land,varies,4,,,stock FireRed; levels 14-14
SPECIES_PIDGEY,,wild,ROUTE6,land,varies,1,,,stock FireRed; levels 15-15
SPECIES_MEOWTH,,wild,ROUTE6,land,varies,1,,,stock FireRed; levels 16-16
SPECIES_PSYDUCK,,wild,ROUTE6,water,varies,60,,,stock FireRed; levels 20-25
SPECIES_PSYDUCK,,wild,ROUTE6,water,varies,30,,,stock FireRed; levels 20-25
SPECIES_PSYDUCK,,wild,ROUTE6,water,varies,5,,,stock FireRed; levels 25-30
SPECIES_PSYDUCK,,wild,ROUTE6,water,varies,4,,,stock FireRed; levels 30-35
SPECIES_PSYDUCK,,wild,ROUTE6,water,varies,1,,,stock FireRed; levels 35-40
SPECIES_MAGIKARP,,wild,ROUTE6,fishing,varies,70,,,stock FireRed; levels 5-5
SPECIES_MAGIKARP,,wild,ROUTE6,fishing,varies,30,,,stock FireRed; levels 5-5
SPECIES_POLIWAG,,wild,ROUTE6,fishing,varies,60,,,stock FireRed; levels 5-15
SPECIES_MAGIKARP,,wild,ROUTE6,fishing,varies,20,,,stock FireRed; levels 5-15
SPECIES_GOLDEEN,,wild,ROUTE6,fishing,varies,20,,,stock FireRed; levels 5-15
SPECIES_POLIWAG,,wild,ROUTE6,fishing,varies,40,,,stock FireRed; levels 15-25
SPECIES_POLIWHIRL,,wild,ROUTE6,fishing,varies,40,,,stock FireRed; levels 20-30
SPECIES_GYARADOS,,wild,ROUTE6,fishing,varies,15,,,stock FireRed; levels 15-25
SPECIES_PSYDUCK,,wild,ROUTE6,fishing,varies,4,,,stock FireRed; levels 15-25
SPECIES_PSYDUCK,,wild,ROUTE6,fishing,varies,1,,,stock FireRed; levels 25-35
SPECIES_PIDGEY,,wild,ROUTE7,land,varies,20,,,stock FireRed; levels 19-19
SPECIES_MEOWTH,,wild,ROUTE7,land,varies,20,,,stock FireRed; levels 17-17
SPECIES_ODDISH,,wild,ROUTE7,land,varies,10,,,stock FireRed; levels 19-19
SPECIES_MEOWTH,,wild,ROUTE7,land,varies,10,,,stock FireRed; levels 18-18
SPECIES_PIDGEY,,wild,ROUTE7,land,varies,10,,,stock FireRed; levels 22-22
SPECIES_ODDISH,,wild,ROUTE7,land,varies,10,,,stock FireRed; levels 22-22
SPECIES_GROWLITHE,,wild,ROUTE7,land,varies,5,,,stock FireRed; levels 18-18
SPECIES_GROWLITHE,,wild,ROUTE7,land,varies,5,,,stock FireRed; levels 20-20
SPECIES_MEOWTH,,wild,ROUTE7,land,varies,4,,,stock FireRed; levels 17-17
SPECIES_MEOWTH,,wild,ROUTE7,land,varies,4,,,stock FireRed; levels 19-19
SPECIES_MEOWTH,,wild,ROUTE7,land,varies,1,,,stock FireRed; levels 17-17
SPECIES_MEOWTH,,wild,ROUTE7,land,varies,1,,,stock FireRed; levels 20-20
SPECIES_PIDGEY,,wild,ROUTE8,land,varies,20,,,stock FireRed; levels 18-18
SPECIES_MEOWTH,,wild,ROUTE8,land,varies,20,,,stock FireRed; levels 18-18
SPECIES_GROWLITHE,,wild,ROUTE8,land,varies,10,,,stock FireRed; levels 16-16
SPECIES_PIDGEY,,wild,ROUTE8,land,varies,10,,,stock FireRed; levels 20-20
SPECIES_MEOWTH,,wild,ROUTE8,land,varies,10,,,stock FireRed; levels 20-20
SPECIES_EKANS,,wild,ROUTE8,land,varies,10,,,stock FireRed; levels 17-17
SPECIES_GROWLITHE,,wild,ROUTE8,land,varies,5,,,stock FireRed; levels 17-17
SPECIES_EKANS,,wild,ROUTE8,land,varies,5,,,stock FireRed; levels 19-19
SPECIES_EKANS,,wild,ROUTE8,land,varies,4,,,stock FireRed; levels 17-17
SPECIES_GROWLITHE,,wild,ROUTE8,land,varies,4,,,stock FireRed; levels 15-15
SPECIES_EKANS,,wild,ROUTE8,land,varies,1,,,stock FireRed; levels 17-17
SPECIES_GROWLITHE,,wild,ROUTE8,land,varies,1,,,stock FireRed; levels 18-18
SPECIES_SPEAROW,,wild,ROUTE9,land,varies,20,,,stock FireRed; levels 16-16
SPECIES_RATTATA,,wild,ROUTE9,land,varies,20,,,stock FireRed; levels 16-16
SPECIES_EKANS,,wild,ROUTE9,land,varies,10,,,stock FireRed; levels 11-11
SPECIES_EKANS,,wild,ROUTE9,land,varies,10,,,stock FireRed; levels 15-15
SPECIES_SPEAROW,,wild,ROUTE9,land,varies,10,,,stock FireRed; levels 13-13
SPECIES_RATTATA,,wild,ROUTE9,land,varies,10,,,stock FireRed; levels 14-14
SPECIES_SPEAROW,,wild,ROUTE9,land,varies,5,,,stock FireRed; levels 17-17
SPECIES_RATTATA,,wild,ROUTE9,land,varies,5,,,stock FireRed; levels 17-17
SPECIES_RATTATA,,wild,ROUTE9,land,varies,4,,,stock FireRed; levels 14-14
SPECIES_EKANS,,wild,ROUTE9,land,varies,4,,,stock FireRed; levels 13-13
SPECIES_RATTATA,,wild,ROUTE9,land,varies,1,,,stock FireRed; levels 14-14
SPECIES_EKANS,,wild,ROUTE9,land,varies,1,,,stock FireRed; levels 17-17
SPECIES_SPEAROW,,wild,ROUTE10,land,varies,20,,,stock FireRed; levels 16-16
SPECIES_VOLTORB,,wild,ROUTE10,land,varies,20,,,stock FireRed; levels 16-16
SPECIES_EKANS,,wild,ROUTE10,land,varies,10,,,stock FireRed; levels 11-11
SPECIES_EKANS,,wild,ROUTE10,land,varies,10,,,stock FireRed; levels 15-15
SPECIES_SPEAROW,,wild,ROUTE10,land,varies,10,,,stock FireRed; levels 13-13
SPECIES_VOLTORB,,wild,ROUTE10,land,varies,10,,,stock FireRed; levels 14-14
SPECIES_SPEAROW,,wild,ROUTE10,land,varies,5,,,stock FireRed; levels 17-17
SPECIES_VOLTORB,,wild,ROUTE10,land,varies,5,,,stock FireRed; levels 17-17
SPECIES_VOLTORB,,wild,ROUTE10,land,varies,4,,,stock FireRed; levels 14-14
SPECIES_EKANS,,wild,ROUTE10,land,varies,4,,,stock FireRed; levels 13-13
SPECIES_VOLTORB,,wild,ROUTE10,land,varies,1,,,stock FireRed; levels 14-14
SPECIES_EKANS,,wild,ROUTE10,land,varies,1,,,stock FireRed; levels 17-17
SPECIES_TENTACOOL,,wild,ROUTE10,water,varies,60,,,stock FireRed; levels 5-10
SPECIES_TENTACOOL,,wild,ROUTE10,water,varies,30,,,stock FireRed; levels 10-20
SPECIES_TENTACOOL,,wild,ROUTE10,water,varies,5,,,stock FireRed; levels 20-30
SPECIES_TENTACOOL,,wild,ROUTE10,water,varies,4,,,stock FireRed; levels 30-35
SPECIES_TENTACOOL,,wild,ROUTE10,water,varies,1,,,stock FireRed; levels 35-40
SPECIES_MAGIKARP,,wild,ROUTE10,fishing,varies,70,,,stock FireRed; levels 5-5
SPECIES_MAGIKARP,,wild,ROUTE10,fishing,varies,30,,,stock FireRed; levels 5-5
SPECIES_HORSEA,,wild,ROUTE10,fishing,varies,60,,,stock FireRed; levels 5-15
SPECIES_MAGIKARP,,wild,ROUTE10,fishing,varies,20,,,stock FireRed; levels 5-15
SPECIES_KRABBY,,wild,ROUTE10,fishing,varies,20,,,stock FireRed; levels 5-15
SPECIES_HORSEA,,wild,ROUTE10,fishing,varies,40,,,stock FireRed; levels 15-25
SPECIES_HORSEA,,wild,ROUTE10,fishing,varies,40,,,stock FireRed; levels 15-25
SPECIES_GYARADOS,,wild,ROUTE10,fishing,varies,15,,,stock FireRed; levels 15-25
SPECIES_HORSEA,,wild,ROUTE10,fishing,varies,4,,,stock FireRed; levels 25-35
SPECIES_PSYDUCK,,wild,ROUTE10,fishing,varies,1,,,stock FireRed; levels 25-35
SPECIES_EKANS,,wild,ROUTE11,land,varies,20,,,stock FireRed; levels 14-14
SPECIES_SPEAROW,,wild,ROUTE11,land,varies,20,,,stock FireRed; levels 15-15
SPECIES_EKANS,,wild,ROUTE11,land,varies,10,,,stock FireRed; levels 12-12
SPECIES_SPEAROW,,wild,ROUTE11,land,varies,10,,,stock FireRed; levels 13-13
SPECIES_DROWZEE,,wild,ROUTE11,land,varies,10,,,stock FireRed; levels 11-11
SPECIES_DROWZEE,,wild,ROUTE11,land,varies,10,,,stock FireRed; levels 13-13
SPECIES_EKANS,,wild,ROUTE11,land,varies,5,,,stock FireRed; levels 15-15
SPECIES_SPEAROW,,wild,ROUTE11,land,varies,5,,,stock FireRed; levels 17-17
SPECIES_EKANS,,wild,ROUTE11,land,varies,4,,,stock FireRed; levels 12-12
SPECIES_DROWZEE,,wild,ROUTE11,land,varies,4,,,stock FireRed; levels 15-15
SPECIES_EKANS,,wild,ROUTE11,land,varies,1,,,stock FireRed; levels 12-12
SPECIES_DROWZEE,,wild,ROUTE11,land,varies,1,,,stock FireRed; levels 15-15
SPECIES_TENTACOOL,,wild,ROUTE11,water,varies,60,,,stock FireRed; levels 5-10
SPECIES_TENTACOOL,,wild,ROUTE11,water,varies,30,,,stock FireRed; levels 10-20
SPECIES_TENTACOOL,,wild,ROUTE11,water,varies,5,,,stock FireRed; levels 20-30
SPECIES_TENTACOOL,,wild,ROUTE11,water,varies,4,,,stock FireRed; levels 30-35
SPECIES_TENTACOOL,,wild,ROUTE11,water,varies,1,,,stock FireRed; levels 35-40
SPECIES_MAGIKARP,,wild,ROUTE11,fishing,varies,70,,,stock FireRed; levels 5-5
SPECIES_MAGIKARP,,wild,ROUTE11,fishing,varies,30,,,stock FireRed; levels 5-5
SPECIES_HORSEA,,wild,ROUTE11,fishing,varies,60,,,stock FireRed; levels 5-15
SPECIES_MAGIKARP,,wild,ROUTE11,fishing,varies,20,,,stock FireRed; levels 5-15
SPECIES_KRABBY,,wild,ROUTE11,fishing,varies,20,,,stock FireRed; levels 5-15
SPECIES_HORSEA,,wild,ROUTE11,fishing,varies,40,,,stock FireRed; levels 15-25
SPECIES_HORSEA,,wild,ROUTE11,fishing,varies,40,,,stock FireRed; levels 15-25
SPECIES_GYARADOS,,wild,ROUTE11,fishing,varies,15,,,stock FireRed; levels 15-25
SPECIES_HORSEA,,wild,ROUTE11,fishing,varies,4,,,stock FireRed; levels 25-35
SPECIES_PSYDUCK,,wild,ROUTE11,fishing,varies,1,,,stock FireRed; levels 25-35
SPECIES_ODDISH,,wild,ROUTE12,land,varies,20,,,stock FireRed; levels 24-24
SPECIES_VENONAT,,wild,ROUTE12,land,varies,20,,,stock FireRed; levels 24-24
SPECIES_ODDISH,,wild,ROUTE12,land,varies,10,,,stock FireRed; levels 22-22
SPECIES_PIDGEY,,wild,ROUTE12,land,varies,10,,,stock FireRed; levels 23-23
SPECIES_PIDGEY,,wild,ROUTE12,land,varies,10,,,stock FireRed; levels 25-25
SPECIES_VENONAT,,wild,ROUTE12,land,varies,10,,,stock FireRed; levels 26-26
SPECIES_ODDISH,,wild,ROUTE12,land,varies,5,,,stock FireRed; levels 26-26
SPECIES_PIDGEY,,wild,ROUTE12,land,varies,5,,,stock FireRed; levels 27-27
SPECIES_PIDGEY,,wild,ROUTE12,land,varies,4,,,stock FireRed; levels 23-23
SPECIES_GLOOM,,wild,ROUTE12,land,varies,4,,,stock FireRed; levels 28-28
SPECIES_PIDGEY,,wild,ROUTE12,land,varies,1,,,stock FireRed; levels 23-23
SPECIES_GLOOM,,wild,ROUTE12,land,varies,1,,,stock FireRed; levels 30-30
SPECIES_TENTACOOL,,wild,ROUTE12,water,varies,60,,,stock FireRed; levels 5-10
SPECIES_TENTACOOL,,wild,ROUTE12,water,varies,30,,,stock FireRed; levels 10-20
SPECIES_TENTACOOL,,wild,ROUTE12,water,varies,5,,,stock FireRed; levels 20-30
SPECIES_TENTACOOL,,wild,ROUTE12,water,varies,4,,,stock FireRed; levels 30-35
SPECIES_TENTACOOL,,wild,ROUTE12,water,varies,1,,,stock FireRed; levels 35-40
SPECIES_MAGIKARP,,wild,ROUTE12,fishing,varies,70,,,stock FireRed; levels 5-5
SPECIES_MAGIKARP,,wild,ROUTE12,fishing,varies,30,,,stock FireRed; levels 5-5
SPECIES_HORSEA,,wild,ROUTE12,fishing,varies,60,,,stock FireRed; levels 5-15
SPECIES_MAGIKARP,,wild,ROUTE12,fishing,varies,20,,,stock FireRed; levels 5-15
SPECIES_KRABBY,,wild,ROUTE12,fishing,varies,20,,,stock FireRed; levels 5-15
SPECIES_HORSEA,,wild,ROUTE12,fishing,varies,40,,,stock FireRed; levels 15-25
SPECIES_HORSEA,,wild,ROUTE12,fishing,varies,40,,,stock FireRed; levels 15-25
SPECIES_GYARADOS,,wild,ROUTE12,fishing,varies,15,,,stock FireRed; levels 15-25
SPECIES_HORSEA,,wild,ROUTE12,fishing,varies,4,,,stock FireRed; levels 25-35
SPECIES_PSYDUCK,,wild,ROUTE12,fishing,varies,1,,,stock FireRed; levels 25-35
SPECIES_ODDISH,,wild,ROUTE13,land,varies,20,,,stock FireRed; levels 24-24
SPECIES_VENONAT,,wild,ROUTE13,land,varies,20,,,stock FireRed; levels 24-24
SPECIES_ODDISH,,wild,ROUTE13,land,varies,10,,,stock FireRed; levels 22-22
SPECIES_PIDGEY,,wild,ROUTE13,land,varies,10,,,stock FireRed; levels 27-27
SPECIES_PIDGEY,,wild,ROUTE13,land,varies,10,,,stock FireRed; levels 25-25
SPECIES_VENONAT,,wild,ROUTE13,land,varies,10,,,stock FireRed; levels 26-26
SPECIES_ODDISH,,wild,ROUTE13,land,varies,5,,,stock FireRed; levels 26-26
SPECIES_DITTO,,wild,ROUTE13,land,varies,5,,,stock FireRed; levels 25-25
SPECIES_PIDGEOTTO,,wild,ROUTE13,land,varies,4,,,stock FireRed; levels 29-29
SPECIES_GLOOM,,wild,ROUTE13,land,varies,4,,,stock FireRed; levels 28-28
SPECIES_PIDGEOTTO,,wild,ROUTE13,land,varies,1,,,stock FireRed; levels 29-29
SPECIES_GLOOM,,wild,ROUTE13,land,varies,1,,,stock FireRed; levels 30-30
SPECIES_TENTACOOL,,wild,ROUTE13,water,varies,60,,,stock FireRed; levels 5-10
SPECIES_TENTACOOL,,wild,ROUTE13,water,varies,30,,,stock FireRed; levels 10-20
SPECIES_TENTACOOL,,wild,ROUTE13,water,varies,5,,,stock FireRed; levels 20-30
SPECIES_TENTACOOL,,wild,ROUTE13,water,varies,4,,,stock FireRed; levels 30-35
SPECIES_TENTACOOL,,wild,ROUTE13,water,varies,1,,,stock FireRed; levels 35-40
SPECIES_MAGIKARP,,wild,ROUTE13,fishing,varies,70,,,stock FireRed; levels 5-5
SPECIES_MAGIKARP,,wild,ROUTE13,fishing,varies,30,,,stock FireRed; levels 5-5
SPECIES_HORSEA,,wild,ROUTE13,fishing,varies,60,,,stock FireRed; levels 5-15
SPECIES_MAGIKARP,,wild,ROUTE13,fishing,varies,20,,,stock FireRed; levels 5-15
SPECIES_KRABBY,,wild,ROUTE13,fishing,varies,20,,,stock FireRed; levels 5-15
SPECIES_HORSEA,,wild,ROUTE13,fishing,varies,40,,,stock FireRed; levels 15-25
SPECIES_HORSEA,,wild,ROUTE13,fishing,varies,40,,,stock FireRed; levels 15-25
SPECIES_GYARADOS,,wild,ROUTE13,fishing,varies,15,,,stock FireRed; levels 15-25
SPECIES_HORSEA,,wild,ROUTE13,fishing,varies,4,,,stock FireRed; levels 25-35
SPECIES_PSYDUCK,,wild,ROUTE13,fishing,varies,1,,,stock FireRed; levels 25-35
SPECIES_ODDISH,,wild,ROUTE14,land,varies,20,,,stock FireRed; levels 24-24
SPECIES_VENONAT,,wild,ROUTE14,land,varies,20,,,stock FireRed; levels 24-24
SPECIES_ODDISH,,wild,ROUTE14,land,varies,10,,,stock FireRed; levels 22-22
SPECIES_DITTO,,wild,ROUTE14,land,varies,10,,,stock FireRed; levels 23-23
SPECIES_PIDGEY,,wild,ROUTE14,land,varies,10,,,stock FireRed; levels 27-27
SPECIES_VENONAT,,wild,ROUTE14,land,varies,10,,,stock FireRed; levels 26-26
SPECIES_ODDISH,,wild,ROUTE14,land,varies,5,,,stock FireRed; levels 26-26
SPECIES_GLOOM,,wild,ROUTE14,land,varies,5,,,stock FireRed; levels 30-30
SPECIES_DITTO,,wild,ROUTE14,land,varies,4,,,stock FireRed; levels 23-23
SPECIES_PIDGEOTTO,,wild,ROUTE14,land,varies,4,,,stock FireRed; levels 29-29
SPECIES_DITTO,,wild,ROUTE14,land,varies,1,,,stock FireRed; levels 23-23
SPECIES_PIDGEOTTO,,wild,ROUTE14,land,varies,1,,,stock FireRed; levels 29-29
SPECIES_ODDISH,,wild,ROUTE15,land,varies,20,,,stock FireRed; levels 24-24
SPECIES_VENONAT,,wild,ROUTE15,land,varies,20,,,stock FireRed; levels 24-24
SPECIES_ODDISH,,wild,ROUTE15,land,varies,10,,,stock FireRed; levels 22-22
SPECIES_PIDGEY,,wild,ROUTE15,land,varies,10,,,stock FireRed; levels 27-27
SPECIES_PIDGEY,,wild,ROUTE15,land,varies,10,,,stock FireRed; levels 25-25
SPECIES_VENONAT,,wild,ROUTE15,land,varies,10,,,stock FireRed; levels 26-26
SPECIES_ODDISH,,wild,ROUTE15,land,varies,5,,,stock FireRed; levels 26-26
SPECIES_DITTO,,wild,ROUTE15,land,varies,5,,,stock FireRed; levels 25-25
SPECIES_PIDGEOTTO,,wild,ROUTE15,land,varies,4,,,stock FireRed; levels 29-29
SPECIES_GLOOM,,wild,ROUTE15,land,varies,4,,,stock FireRed; levels 28-28
SPECIES_PIDGEOTTO,,wild,ROUTE15,land,varies,1,,,stock FireRed; levels 29-29
SPECIES_GLOOM,,wild,ROUTE15,land,varies,1,,,stock FireRed; levels 30-30
SPECIES_SPEAROW,,wild,ROUTE16,land,varies,20,,,stock FireRed; levels 20-20
SPECIES_DODUO,,wild,ROUTE16,land,varies,20,,,stock FireRed; levels 18-18
SPECIES_RATTATA,,wild,ROUTE16,land,varies,10,,,stock FireRed; levels 18-18
SPECIES_RATTATA,,wild,ROUTE16,land,varies,10,,,stock FireRed; levels 20-20
SPECIES_SPEAROW,,wild,ROUTE16,land,varies,10,,,stock FireRed; levels 22-22
SPECIES_DODUO,,wild,ROUTE16,land,varies,10,,,stock FireRed; levels 20-20
SPECIES_RATTATA,,wild,ROUTE16,land,varies,5,,,stock FireRed; levels 22-22
SPECIES_DODUO,,wild,ROUTE16,land,varies,5,,,stock FireRed; levels 22-22
SPECIES_RATTATA,,wild,ROUTE16,land,varies,4,,,stock FireRed; levels 18-18
SPECIES_RATICATE,,wild,ROUTE16,land,varies,4,,,stock FireRed; levels 23-23
SPECIES_RATTATA,,wild,ROUTE16,land,varies,1,,,stock FireRed; levels 18-18
SPECIES_RATICATE,,wild,ROUTE16,land,varies,1,,,stock FireRed; levels 25-25
SPECIES_SPEAROW,,wild,ROUTE17,land,varies,20,,,stock FireRed; levels 20-20
SPECIES_DODUO,,wild,ROUTE17,land,varies,20,,,stock FireRed; levels 24-24
SPECIES_SPEAROW,,wild,ROUTE17,land,varies,10,,,stock FireRed; levels 22-22
SPECIES_DODUO,,wild,ROUTE17,land,varies,10,,,stock FireRed; levels 26-26
SPECIES_RATICATE,,wild,ROUTE17,land,varies,10,,,stock FireRed; levels 25-25
SPECIES_RATICATE,,wild,ROUTE17,land,varies,10,,,stock FireRed; levels 27-27
SPECIES_DODUO,,wild,ROUTE17,land,varies,5,,,stock FireRed; levels 28-28
SPECIES_RATICATE,,wild,ROUTE17,land,varies,5,,,stock FireRed; levels 29-29
SPECIES_RATTATA,,wild,ROUTE17,land,varies,4,,,stock FireRed; levels 22-22
SPECIES_FEAROW,,wild,ROUTE17,land,varies,4,,,stock FireRed; levels 25-25
SPECIES_RATTATA,,wild,ROUTE17,land,varies,1,,,stock FireRed; levels 22-22
SPECIES_FEAROW,,wild,ROUTE17,land,varies,1,,,stock FireRed; levels 27-27
SPECIES_SPEAROW,,wild,ROUTE18,land,varies,20,,,stock FireRed; levels 20-20
SPECIES_DODUO,,wild,ROUTE18,land,varies,20,,,stock FireRed; levels 24-24
SPECIES_SPEAROW,,wild,ROUTE18,land,varies,10,,,stock FireRed; levels 22-22
SPECIES_DODUO,,wild,ROUTE18,land,varies,10,,,stock FireRed; levels 26-26
SPECIES_RATICATE,,wild,ROUTE18,land,varies,10,,,stock FireRed; levels 25-25
SPECIES_FEAROW,,wild,ROUTE18,land,varies,10,,,stock FireRed; levels 25-25
SPECIES_DODUO,,wild,ROUTE18,land,varies,5,,,stock FireRed; levels 28-28
SPECIES_RATICATE,,wild,ROUTE18,land,varies,5,,,stock FireRed; levels 29-29
SPECIES_RATTATA,,wild,ROUTE18,land,varies,4,,,stock FireRed; levels 22-22
SPECIES_FEAROW,,wild,ROUTE18,land,varies,4,,,stock FireRed; levels 27-27
SPECIES_RATTATA,,wild,ROUTE18,land,varies,1,,,stock FireRed; levels 22-22
SPECIES_FEAROW,,wild,ROUTE18,land,varies,1,,,stock FireRed; levels 29-29
SPECIES_TENTACOOL,,wild,ROUTE19,water,varies,60,,,stock FireRed; levels 5-10
SPECIES_TENTACOOL,,wild,ROUTE19,water,varies,30,,,stock FireRed; levels 10-20
SPECIES_TENTACOOL,,wild,ROUTE19,water,varies,5,,,stock FireRed; levels 20-30
SPECIES_TENTACOOL,,wild,ROUTE19,water,varies,4,,,stock FireRed; levels 30-35
SPECIES_TENTACOOL,,wild,ROUTE19,water,varies,1,,,stock FireRed; levels 35-40
SPECIES_MAGIKARP,,wild,ROUTE19,fishing,varies,70,,,stock FireRed; levels 5-5
SPECIES_MAGIKARP,,wild,ROUTE19,fishing,varies,30,,,stock FireRed; levels 5-5
SPECIES_HORSEA,,wild,ROUTE19,fishing,varies,60,,,stock FireRed; levels 5-15
SPECIES_MAGIKARP,,wild,ROUTE19,fishing,varies,20,,,stock FireRed; levels 5-15
SPECIES_KRABBY,,wild,ROUTE19,fishing,varies,20,,,stock FireRed; levels 5-15
SPECIES_HORSEA,,wild,ROUTE19,fishing,varies,40,,,stock FireRed; levels 15-25
SPECIES_HORSEA,,wild,ROUTE19,fishing,varies,40,,,stock FireRed; levels 15-25
SPECIES_GYARADOS,,wild,ROUTE19,fishing,varies,15,,,stock FireRed; levels 15-25
SPECIES_SEADRA,,wild,ROUTE19,fishing,varies,4,,,stock FireRed; levels 25-35
SPECIES_PSYDUCK,,wild,ROUTE19,fishing,varies,1,,,stock FireRed; levels 25-35
SPECIES_TENTACOOL,,wild,ROUTE20,water,varies,60,,,stock FireRed; levels 5-10
SPECIES_TENTACOOL,,wild,ROUTE20,water,varies,30,,,stock FireRed; levels 10-20
SPECIES_TENTACOOL,,wild,ROUTE20,water,varies,5,,,stock FireRed; levels 20-30
SPECIES_TENTACOOL,,wild,ROUTE20,water,varies,4,,,stock FireRed; levels 30-35
SPECIES_TENTACOOL,,wild,ROUTE20,water,varies,1,,,stock FireRed; levels 35-40
SPECIES_MAGIKARP,,wild,ROUTE20,fishing,varies,70,,,stock FireRed; levels 5-5
SPECIES_MAGIKARP,,wild,ROUTE20,fishing,varies,30,,,stock FireRed; levels 5-5
SPECIES_HORSEA,,wild,ROUTE20,fishing,varies,60,,,stock FireRed; levels 5-15
SPECIES_MAGIKARP,,wild,ROUTE20,fishing,varies,20,,,stock FireRed; levels 5-15
SPECIES_KRABBY,,wild,ROUTE20,fishing,varies,20,,,stock FireRed; levels 5-15
SPECIES_HORSEA,,wild,ROUTE20,fishing,varies,40,,,stock FireRed; levels 15-25
SPECIES_HORSEA,,wild,ROUTE20,fishing,varies,40,,,stock FireRed; levels 15-25
SPECIES_GYARADOS,,wild,ROUTE20,fishing,varies,15,,,stock FireRed; levels 15-25
SPECIES_SEADRA,,wild,ROUTE20,fishing,varies,4,,,stock FireRed; levels 25-35
SPECIES_PSYDUCK,,wild,ROUTE20,fishing,varies,1,,,stock FireRed; levels 25-35
SPECIES_TANGELA,,wild,ROUTE21_NORTH,land,varies,20,,,stock FireRed; levels 22-22
SPECIES_TANGELA,,wild,ROUTE21_NORTH,land,varies,20,,,stock FireRed; levels 23-23
SPECIES_TANGELA,,wild,ROUTE21_NORTH,land,varies,10,,,stock FireRed; levels 24-24
SPECIES_TANGELA,,wild,ROUTE21_NORTH,land,varies,10,,,stock FireRed; levels 21-21
SPECIES_TANGELA,,wild,ROUTE21_NORTH,land,varies,10,,,stock FireRed; levels 25-25
SPECIES_TANGELA,,wild,ROUTE21_NORTH,land,varies,10,,,stock FireRed; levels 20-20
SPECIES_TANGELA,,wild,ROUTE21_NORTH,land,varies,5,,,stock FireRed; levels 19-19
SPECIES_TANGELA,,wild,ROUTE21_NORTH,land,varies,5,,,stock FireRed; levels 26-26
SPECIES_TANGELA,,wild,ROUTE21_NORTH,land,varies,4,,,stock FireRed; levels 18-18
SPECIES_TANGELA,,wild,ROUTE21_NORTH,land,varies,4,,,stock FireRed; levels 27-27
SPECIES_TANGELA,,wild,ROUTE21_NORTH,land,varies,1,,,stock FireRed; levels 17-17
SPECIES_TANGELA,,wild,ROUTE21_NORTH,land,varies,1,,,stock FireRed; levels 28-28
SPECIES_TENTACOOL,,wild,ROUTE21_NORTH,water,varies,60,,,stock FireRed; levels 5-10
SPECIES_TENTACOOL,,wild,ROUTE21_NORTH,water,varies,30,,,stock FireRed; levels 10-20
SPECIES_TENTACOOL,,wild,ROUTE21_NORTH,water,varies,5,,,stock FireRed; levels 20-30
SPECIES_TENTACOOL,,wild,ROUTE21_NORTH,water,varies,4,,,stock FireRed; levels 30-35
SPECIES_TENTACOOL,,wild,ROUTE21_NORTH,water,varies,1,,,stock FireRed; levels 35-40
SPECIES_MAGIKARP,,wild,ROUTE21_NORTH,fishing,varies,70,,,stock FireRed; levels 5-5
SPECIES_MAGIKARP,,wild,ROUTE21_NORTH,fishing,varies,30,,,stock FireRed; levels 5-5
SPECIES_HORSEA,,wild,ROUTE21_NORTH,fishing,varies,60,,,stock FireRed; levels 5-15
SPECIES_MAGIKARP,,wild,ROUTE21_NORTH,fishing,varies,20,,,stock FireRed; levels 5-15
SPECIES_KRABBY,,wild,ROUTE21_NORTH,fishing,varies,20,,,stock FireRed; levels 5-15
SPECIES_HORSEA,,wild,ROUTE21_NORTH,fishing,varies,40,,,stock FireRed; levels 15-25
SPECIES_HORSEA,,wild,ROUTE21_NORTH,fishing,varies,40,,,stock FireRed; levels 15-25
SPECIES_GYARADOS,,wild,ROUTE21_NORTH,fishing,varies,15,,,stock FireRed; levels 15-25
SPECIES_SEADRA,,wild,ROUTE21_NORTH,fishing,varies,4,,,stock FireRed; levels 25-35
SPECIES_PSYDUCK,,wild,ROUTE21_NORTH,fishing,varies,1,,,stock FireRed; levels 25-35
SPECIES_TANGELA,,wild,ROUTE21_SOUTH,land,varies,20,,,stock FireRed; levels 22-22
SPECIES_TANGELA,,wild,ROUTE21_SOUTH,land,varies,20,,,stock FireRed; levels 23-23
SPECIES_TANGELA,,wild,ROUTE21_SOUTH,land,varies,10,,,stock FireRed; levels 24-24
SPECIES_TANGELA,,wild,ROUTE21_SOUTH,land,varies,10,,,stock FireRed; levels 21-21
SPECIES_TANGELA,,wild,ROUTE21_SOUTH,land,varies,10,,,stock FireRed; levels 25-25
SPECIES_TANGELA,,wild,ROUTE21_SOUTH,land,varies,10,,,stock FireRed; levels 20-20
SPECIES_TANGELA,,wild,ROUTE21_SOUTH,land,varies,5,,,stock FireRed; levels 19-19
SPECIES_TANGELA,,wild,ROUTE21_SOUTH,land,varies,5,,,stock FireRed; levels 26-26
SPECIES_TANGELA,,wild,ROUTE21_SOUTH,land,varies,4,,,stock FireRed; levels 18-18
SPECIES_TANGELA,,wild,ROUTE21_SOUTH,land,varies,4,,,stock FireRed; levels 27-27
SPECIES_TANGELA,,wild,ROUTE21_SOUTH,land,varies,1,,,stock FireRed; levels 17-17
SPECIES_TANGELA,,wild,ROUTE21_SOUTH,land,varies,1,,,stock FireRed; levels 28-28
SPECIES_TENTACOOL,,wild,ROUTE21_SOUTH,water,varies,60,,,stock FireRed; levels 5-10
SPECIES_TENTACOOL,,wild,ROUTE21_SOUTH,water,varies,30,,,stock FireRed; levels 10-20
SPECIES_TENTACOOL,,wild,ROUTE21_SOUTH,water,varies,5,,,stock FireRed; levels 20-30
SPECIES_TENTACOOL,,wild,ROUTE21_SOUTH,water,varies,4,,,stock FireRed; levels 30-35
SPECIES_TENTACOOL,,wild,ROUTE21_SOUTH,water,varies,1,,,stock FireRed; levels 35-40
SPECIES_MAGIKARP,,wild,ROUTE21_SOUTH,fishing,varies,70,,,stock FireRed; levels 5-5
SPECIES_MAGIKARP,,wild,ROUTE21_SOUTH,fishing,varies,30,,,stock FireRed; levels 5-5
SPECIES_HORSEA,,wild,ROUTE21_SOUTH,fishing,varies,60,,,stock FireRed; levels 5-15
SPECIES_MAGIKARP,,wild,ROUTE21_SOUTH,fishing,varies,20,,,stock FireRed; levels 5-15
SPECIES_KRABBY,,wild,ROUTE21_SOUTH,fishing,varies,20,,,stock FireRed; levels 5-15
SPECIES_HORSEA,,wild,ROUTE21_SOUTH,fishing,varies,40,,,stock FireRed; levels 15-25
SPECIES_HORSEA,,wild,ROUTE21_SOUTH,fishing,varies,40,,,stock FireRed; levels 15-25
SPECIES_GYARADOS,,wild,ROUTE21_SOUTH,fishing,varies,15,,,stock FireRed; levels 15-25
SPECIES_SEADRA,,wild,ROUTE21_SOUTH,fishing,varies,4,,,stock FireRed; levels 25-35
SPECIES_PSYDUCK,,wild,ROUTE21_SOUTH,fishing,varies,1,,,stock FireRed; levels 25-35
SPECIES_RATTATA,,wild,ROUTE22,land,varies,20,,,stock FireRed; levels 3-3
SPECIES_MANKEY,,wild,ROUTE22,land,varies,20,,,stock FireRed; levels 3-3
SPECIES_RATTATA,,wild,ROUTE22,land,varies,10,,,stock FireRed; levels 4-4
SPECIES_MANKEY,,wild,ROUTE22,land,varies,10,,,stock FireRed; levels 4-4
SPECIES_RATTATA,,wild,ROUTE22,land,varies,10,,,stock FireRed; levels 2-2
SPECIES_MANKEY,,wild,ROUTE22,land,varies,10,,,stock FireRed; levels 2-2
SPECIES_SPEAROW,,wild,ROUTE22,land,varies,5,,,stock FireRed; levels 3-3
SPECIES_SPEAROW,,wild,ROUTE22,land,varies,5,,,stock FireRed; levels 5-5
SPECIES_RATTATA,,wild,ROUTE22,land,varies,4,,,stock FireRed; levels 5-5
SPECIES_MANKEY,,wild,ROUTE22,land,varies,4,,,stock FireRed; levels 5-5
SPECIES_RATTATA,,wild,ROUTE22,land,varies,1,,,stock FireRed; levels 5-5
SPECIES_MANKEY,,wild,ROUTE22,land,varies,1,,,stock FireRed; levels 5-5
SPECIES_PSYDUCK,,wild,ROUTE22,water,varies,60,,,stock FireRed; levels 20-25
SPECIES_PSYDUCK,,wild,ROUTE22,water,varies,30,,,stock FireRed; levels 20-25
SPECIES_PSYDUCK,,wild,ROUTE22,water,varies,5,,,stock FireRed; levels 25-30
SPECIES_PSYDUCK,,wild,ROUTE22,water,varies,4,,,stock FireRed; levels 30-35
SPECIES_PSYDUCK,,wild,ROUTE22,water,varies,1,,,stock FireRed; levels 35-40
SPECIES_MAGIKARP,,wild,ROUTE22,fishing,varies,70,,,stock FireRed; levels 5-5
SPECIES_MAGIKARP,,wild,ROUTE22,fishing,varies,30,,,stock FireRed; levels 5-5
SPECIES_POLIWAG,,wild,ROUTE22,fishing,varies,60,,,stock FireRed; levels 5-15
SPECIES_MAGIKARP,,wild,ROUTE22,fishing,varies,20,,,stock FireRed; levels 5-15
SPECIES_GOLDEEN,,wild,ROUTE22,fishing,varies,20,,,stock FireRed; levels 5-15
SPECIES_POLIWAG,,wild,ROUTE22,fishing,varies,40,,,stock FireRed; levels 15-25
SPECIES_POLIWHIRL,,wild,ROUTE22,fishing,varies,40,,,stock FireRed; levels 20-30
SPECIES_GYARADOS,,wild,ROUTE22,fishing,varies,15,,,stock FireRed; levels 15-25
SPECIES_PSYDUCK,,wild,ROUTE22,fishing,varies,4,,,stock FireRed; levels 15-25
SPECIES_PSYDUCK,,wild,ROUTE22,fishing,varies,1,,,stock FireRed; levels 25-35
SPECIES_MANKEY,,wild,ROUTE23,land,varies,20,,,stock FireRed; levels 32-32
SPECIES_FEAROW,,wild,ROUTE23,land,varies,20,,,stock FireRed; levels 40-40
SPECIES_MANKEY,,wild,ROUTE23,land,varies,10,,,stock FireRed; levels 34-34
SPECIES_SPEAROW,,wild,ROUTE23,land,varies,10,,,stock FireRed; levels 34-34
SPECIES_EKANS,,wild,ROUTE23,land,varies,10,,,stock FireRed; levels 32-32
SPECIES_EKANS,,wild,ROUTE23,land,varies,10,,,stock FireRed; levels 34-34
SPECIES_PRIMEAPE,,wild,ROUTE23,land,varies,5,,,stock FireRed; levels 42-42
SPECIES_ARBOK,,wild,ROUTE23,land,varies,5,,,stock FireRed; levels 44-44
SPECIES_SPEAROW,,wild,ROUTE23,land,varies,4,,,stock FireRed; levels 32-32
SPECIES_FEAROW,,wild,ROUTE23,land,varies,4,,,stock FireRed; levels 42-42
SPECIES_SPEAROW,,wild,ROUTE23,land,varies,1,,,stock FireRed; levels 32-32
SPECIES_FEAROW,,wild,ROUTE23,land,varies,1,,,stock FireRed; levels 44-44
SPECIES_PSYDUCK,,wild,ROUTE23,water,varies,60,,,stock FireRed; levels 20-25
SPECIES_PSYDUCK,,wild,ROUTE23,water,varies,30,,,stock FireRed; levels 20-25
SPECIES_PSYDUCK,,wild,ROUTE23,water,varies,5,,,stock FireRed; levels 25-30
SPECIES_PSYDUCK,,wild,ROUTE23,water,varies,4,,,stock FireRed; levels 30-35
SPECIES_PSYDUCK,,wild,ROUTE23,water,varies,1,,,stock FireRed; levels 35-40
SPECIES_MAGIKARP,,wild,ROUTE23,fishing,varies,70,,,stock FireRed; levels 5-5
SPECIES_MAGIKARP,,wild,ROUTE23,fishing,varies,30,,,stock FireRed; levels 5-5
SPECIES_POLIWAG,,wild,ROUTE23,fishing,varies,60,,,stock FireRed; levels 5-15
SPECIES_MAGIKARP,,wild,ROUTE23,fishing,varies,20,,,stock FireRed; levels 5-15
SPECIES_GOLDEEN,,wild,ROUTE23,fishing,varies,20,,,stock FireRed; levels 5-15
SPECIES_POLIWAG,,wild,ROUTE23,fishing,varies,40,,,stock FireRed; levels 15-25
SPECIES_POLIWHIRL,,wild,ROUTE23,fishing,varies,40,,,stock FireRed; levels 20-30
SPECIES_GYARADOS,,wild,ROUTE23,fishing,varies,15,,,stock FireRed; levels 15-25
SPECIES_PSYDUCK,,wild,ROUTE23,fishing,varies,4,,,stock FireRed; levels 15-25
SPECIES_PSYDUCK,,wild,ROUTE23,fishing,varies,1,,,stock FireRed; levels 25-35
SPECIES_WEEDLE,,wild,ROUTE24,land,varies,20,,,stock FireRed; levels 7-7
SPECIES_CATERPIE,,wild,ROUTE24,land,varies,20,,,stock FireRed; levels 7-7
SPECIES_PIDGEY,,wild,ROUTE24,land,varies,10,,,stock FireRed; levels 11-11
SPECIES_ODDISH,,wild,ROUTE24,land,varies,10,,,stock FireRed; levels 12-12
SPECIES_ODDISH,,wild,ROUTE24,land,varies,10,,,stock FireRed; levels 13-13
SPECIES_ABRA,,wild,ROUTE24,land,varies,10,,,stock FireRed; levels 10-10
SPECIES_PIDGEY,,wild,ROUTE24,land,varies,5,,,stock FireRed; levels 13-13
SPECIES_ODDISH,,wild,ROUTE24,land,varies,5,,,stock FireRed; levels 14-14
SPECIES_KAKUNA,,wild,ROUTE24,land,varies,4,,,stock FireRed; levels 8-8
SPECIES_ABRA,,wild,ROUTE24,land,varies,4,,,stock FireRed; levels 8-8
SPECIES_METAPOD,,wild,ROUTE24,land,varies,1,,,stock FireRed; levels 8-8
SPECIES_ABRA,,wild,ROUTE24,land,varies,1,,,stock FireRed; levels 12-12
SPECIES_TENTACOOL,,wild,ROUTE24,water,varies,60,,,stock FireRed; levels 5-10
SPECIES_TENTACOOL,,wild,ROUTE24,water,varies,30,,,stock FireRed; levels 10-20
SPECIES_TENTACOOL,,wild,ROUTE24,water,varies,5,,,stock FireRed; levels 20-30
SPECIES_TENTACOOL,,wild,ROUTE24,water,varies,4,,,stock FireRed; levels 30-35
SPECIES_TENTACOOL,,wild,ROUTE24,water,varies,1,,,stock FireRed; levels 35-40
SPECIES_MAGIKARP,,wild,ROUTE24,fishing,varies,70,,,stock FireRed; levels 5-5
SPECIES_MAGIKARP,,wild,ROUTE24,fishing,varies,30,,,stock FireRed; levels 5-5
SPECIES_HORSEA,,wild,ROUTE24,fishing,varies,60,,,stock FireRed; levels 5-15
SPECIES_MAGIKARP,,wild,ROUTE24,fishing,varies,20,,,stock FireRed; levels 5-15
SPECIES_KRABBY,,wild,ROUTE24,fishing,varies,20,,,stock FireRed; levels 5-15
SPECIES_HORSEA,,wild,ROUTE24,fishing,varies,40,,,stock FireRed; levels 15-25
SPECIES_HORSEA,,wild,ROUTE24,fishing,varies,40,,,stock FireRed; levels 15-25
SPECIES_GYARADOS,,wild,ROUTE24,fishing,varies,15,,,stock FireRed; levels 15-25
SPECIES_HORSEA,,wild,ROUTE24,fishing,varies,4,,,stock FireRed; levels 25-35
SPECIES_PSYDUCK,,wild,ROUTE24,fishing,varies,1,,,stock FireRed; levels 25-35
SPECIES_WEEDLE,,wild,ROUTE25,land,varies,20,,,stock FireRed; levels 8-8
SPECIES_CATERPIE,,wild,ROUTE25,land,varies,20,,,stock FireRed; levels 8-8
SPECIES_PIDGEY,,wild,ROUTE25,land,varies,10,,,stock FireRed; levels 13-13
SPECIES_ODDISH,,wild,ROUTE25,land,varies,10,,,stock FireRed; levels 14-14
SPECIES_ODDISH,,wild,ROUTE25,land,varies,10,,,stock FireRed; levels 13-13
SPECIES_ABRA,,wild,ROUTE25,land,varies,10,,,stock FireRed; levels 11-11
SPECIES_PIDGEY,,wild,ROUTE25,land,varies,5,,,stock FireRed; levels 11-11
SPECIES_ODDISH,,wild,ROUTE25,land,varies,5,,,stock FireRed; levels 12-12
SPECIES_KAKUNA,,wild,ROUTE25,land,varies,4,,,stock FireRed; levels 9-9
SPECIES_ABRA,,wild,ROUTE25,land,varies,4,,,stock FireRed; levels 9-9
SPECIES_METAPOD,,wild,ROUTE25,land,varies,1,,,stock FireRed; levels 9-9
SPECIES_ABRA,,wild,ROUTE25,land,varies,1,,,stock FireRed; levels 13-13
SPECIES_PSYDUCK,,wild,ROUTE25,water,varies,60,,,stock FireRed; levels 20-25
SPECIES_PSYDUCK,,wild,ROUTE25,water,varies,30,,,stock FireRed; levels 20-25
SPECIES_PSYDUCK,,wild,ROUTE25,water,varies,5,,,stock FireRed; levels 25-30
SPECIES_PSYDUCK,,wild,ROUTE25,water,varies,4,,,stock FireRed; levels 30-35
SPECIES_PSYDUCK,,wild,ROUTE25,water,varies,1,,,stock FireRed; levels 35-40
SPECIES_MAGIKARP,,wild,ROUTE25,fishing,varies,70,,,stock FireRed; levels 5-5
SPECIES_MAGIKARP,,wild,ROUTE25,fishing,varies,30,,,stock FireRed; levels 5-5
SPECIES_POLIWAG,,wild,ROUTE25,fishing,varies,60,,,stock FireRed; levels 5-15
SPECIES_MAGIKARP,,wild,ROUTE25,fishing,varies,20,,,stock FireRed; levels 5-15
SPECIES_GOLDEEN,,wild,ROUTE25,fishing,varies,20,,,stock FireRed; levels 5-15
SPECIES_POLIWAG,,wild,ROUTE25,fishing,varies,40,,,stock FireRed; levels 15-25
SPECIES_POLIWHIRL,,wild,ROUTE25,fishing,varies,40,,,stock FireRed; levels 20-30
SPECIES_GYARADOS,,wild,ROUTE25,fishing,varies,15,,,stock FireRed; levels 15-25
SPECIES_PSYDUCK,,wild,ROUTE25,fishing,varies,4,,,stock FireRed; levels 15-25
SPECIES_PSYDUCK,,wild,ROUTE25,fishing,varies,1,,,stock FireRed; levels 25-35
SPECIES_TENTACOOL,,wild,PALLET_TOWN,water,varies,60,,,stock FireRed; levels 5-10
SPECIES_TENTACOOL,,wild,PALLET_TOWN,water,varies,30,,,stock FireRed; levels 10-20
SPECIES_TENTACOOL,,wild,PALLET_TOWN,water,varies,5,,,stock FireRed; levels 20-30
SPECIES_TENTACOOL,,wild,PALLET_TOWN,water,varies,4,,,stock FireRed; levels 30-35
SPECIES_TENTACOOL,,wild,PALLET_TOWN,water,varies,1,,,stock FireRed; levels 35-40
SPECIES_MAGIKARP,,wild,PALLET_TOWN,fishing,varies,70,,,stock FireRed; levels 5-10
SPECIES_MAGIKARP,,wild,PALLET_TOWN,fishing,varies,30,,,stock FireRed; levels 5-10
SPECIES_HORSEA,,wild,PALLET_TOWN,fishing,varies,60,,,stock FireRed; levels 5-15
SPECIES_MAGIKARP,,wild,PALLET_TOWN,fishing,varies,20,,,stock FireRed; levels 5-15
SPECIES_KRABBY,,wild,PALLET_TOWN,fishing,varies,20,,,stock FireRed; levels 5-15
SPECIES_HORSEA,,wild,PALLET_TOWN,fishing,varies,40,,,stock FireRed; levels 15-25
SPECIES_SHELLDER,,wild,PALLET_TOWN,fishing,varies,40,,,stock FireRed; levels 15-25
SPECIES_GYARADOS,,wild,PALLET_TOWN,fishing,varies,15,,,stock FireRed; levels 15-25
SPECIES_SEADRA,,wild,PALLET_TOWN,fishing,varies,4,,,stock FireRed; levels 25-35
SPECIES_PSYDUCK,,wild,PALLET_TOWN,fishing,varies,1,,,stock FireRed; levels 25-35
SPECIES_PSYDUCK,,wild,VIRIDIAN_CITY,water,varies,60,,,stock FireRed; levels 20-25
SPECIES_PSYDUCK,,wild,VIRIDIAN_CITY,water,varies,30,,,stock FireRed; levels 20-25
SPECIES_PSYDUCK,,wild,VIRIDIAN_CITY,water,varies,5,,,stock FireRed; levels 25-30
SPECIES_PSYDUCK,,wild,VIRIDIAN_CITY,water,varies,4,,,stock FireRed; levels 30-35
SPECIES_PSYDUCK,,wild,VIRIDIAN_CITY,water,varies,1,,,stock FireRed; levels 35-40
SPECIES_MAGIKARP,,wild,VIRIDIAN_CITY,fishing,varies,70,,,stock FireRed; levels 5-5
SPECIES_MAGIKARP,,wild,VIRIDIAN_CITY,fishing,varies,30,,,stock FireRed; levels 5-5
SPECIES_POLIWAG,,wild,VIRIDIAN_CITY,fishing,varies,60,,,stock FireRed; levels 5-15
SPECIES_MAGIKARP,,wild,VIRIDIAN_CITY,fishing,varies,20,,,stock FireRed; levels 5-15
SPECIES_GOLDEEN,,wild,VIRIDIAN_CITY,fishing,varies,20,,,stock FireRed; levels 5-15
SPECIES_POLIWAG,,wild,VIRIDIAN_CITY,fishing,varies,40,,,stock FireRed; levels 15-25
SPECIES_POLIWHIRL,,wild,VIRIDIAN_CITY,fishing,varies,40,,,stock FireRed; levels 20-30
SPECIES_GYARADOS,,wild,VIRIDIAN_CITY,fishing,varies,15,,,stock FireRed; levels 15-25
SPECIES_PSYDUCK,,wild,VIRIDIAN_CITY,fishing,varies,4,,,stock FireRed; levels 15-25
SPECIES_PSYDUCK,,wild,VIRIDIAN_CITY,fishing,varies,1,,,stock FireRed; levels 25-35
SPECIES_TENTACOOL,,wild,CERULEAN_CITY,water,varies,60,,,stock FireRed; levels 5-10
SPECIES_TENTACOOL,,wild,CERULEAN_CITY,water,varies,30,,,stock FireRed; levels 10-20
SPECIES_TENTACOOL,,wild,CERULEAN_CITY,water,varies,5,,,stock FireRed; levels 20-30
SPECIES_TENTACOOL,,wild,CERULEAN_CITY,water,varies,4,,,stock FireRed; levels 30-35
SPECIES_TENTACOOL,,wild,CERULEAN_CITY,water,varies,1,,,stock FireRed; levels 35-40
SPECIES_MAGIKARP,,wild,CERULEAN_CITY,fishing,varies,70,,,stock FireRed; levels 5-5
SPECIES_MAGIKARP,,wild,CERULEAN_CITY,fishing,varies,30,,,stock FireRed; levels 5-5
SPECIES_HORSEA,,wild,CERULEAN_CITY,fishing,varies,60,,,stock FireRed; levels 5-15
SPECIES_MAGIKARP,,wild,CERULEAN_CITY,fishing,varies,20,,,stock FireRed; levels 5-15
SPECIES_KRABBY,,wild,CERULEAN_CITY,fishing,varies,20,,,stock FireRed; levels 5-15
SPECIES_HORSEA,,wild,CERULEAN_CITY,fishing,varies,40,,,stock FireRed; levels 15-25
SPECIES_HORSEA,,wild,CERULEAN_CITY,fishing,varies,40,,,stock FireRed; levels 15-25
SPECIES_GYARADOS,,wild,CERULEAN_CITY,fishing,varies,15,,,stock FireRed; levels 15-25
SPECIES_HORSEA,,wild,CERULEAN_CITY,fishing,varies,4,,,stock FireRed; levels 25-35
SPECIES_PSYDUCK,,wild,CERULEAN_CITY,fishing,varies,1,,,stock FireRed; levels 25-35
SPECIES_TENTACOOL,,wild,VERMILION_CITY,water,varies,60,,,stock FireRed; levels 5-10
SPECIES_TENTACOOL,,wild,VERMILION_CITY,water,varies,30,,,stock FireRed; levels 10-20
SPECIES_TENTACOOL,,wild,VERMILION_CITY,water,varies,5,,,stock FireRed; levels 20-30
SPECIES_TENTACOOL,,wild,VERMILION_CITY,water,varies,4,,,stock FireRed; levels 30-35
SPECIES_TENTACOOL,,wild,VERMILION_CITY,water,varies,1,,,stock FireRed; levels 35-40
SPECIES_MAGIKARP,,wild,VERMILION_CITY,fishing,varies,70,,,stock FireRed; levels 5-5
SPECIES_MAGIKARP,,wild,VERMILION_CITY,fishing,varies,30,,,stock FireRed; levels 5-5
SPECIES_HORSEA,,wild,VERMILION_CITY,fishing,varies,60,,,stock FireRed; levels 5-15
SPECIES_MAGIKARP,,wild,VERMILION_CITY,fishing,varies,20,,,stock FireRed; levels 5-15
SPECIES_KRABBY,,wild,VERMILION_CITY,fishing,varies,20,,,stock FireRed; levels 5-15
SPECIES_HORSEA,,wild,VERMILION_CITY,fishing,varies,40,,,stock FireRed; levels 15-25
SPECIES_SHELLDER,,wild,VERMILION_CITY,fishing,varies,40,,,stock FireRed; levels 15-25
SPECIES_GYARADOS,,wild,VERMILION_CITY,fishing,varies,15,,,stock FireRed; levels 15-25
SPECIES_HORSEA,,wild,VERMILION_CITY,fishing,varies,4,,,stock FireRed; levels 25-35
SPECIES_PSYDUCK,,wild,VERMILION_CITY,fishing,varies,1,,,stock FireRed; levels 25-35
SPECIES_PSYDUCK,,wild,CELADON_CITY,water,varies,60,,,stock FireRed; levels 5-10
SPECIES_PSYDUCK,,wild,CELADON_CITY,water,varies,30,,,stock FireRed; levels 10-20
SPECIES_PSYDUCK,,wild,CELADON_CITY,water,varies,5,,,stock FireRed; levels 20-30
SPECIES_PSYDUCK,,wild,CELADON_CITY,water,varies,4,,,stock FireRed; levels 30-40
SPECIES_KOFFING,,wild,CELADON_CITY,water,varies,1,,,stock FireRed; levels 30-40
SPECIES_MAGIKARP,,wild,CELADON_CITY,fishing,varies,70,,,stock FireRed; levels 5-5
SPECIES_MAGIKARP,,wild,CELADON_CITY,fishing,varies,30,,,stock FireRed; levels 5-5
SPECIES_MAGIKARP,,wild,CELADON_CITY,fishing,varies,60,,,stock FireRed; levels 5-15
SPECIES_MAGIKARP,,wild,CELADON_CITY,fishing,varies,20,,,stock FireRed; levels 5-15
SPECIES_MAGIKARP,,wild,CELADON_CITY,fishing,varies,20,,,stock FireRed; levels 5-15
SPECIES_MAGIKARP,,wild,CELADON_CITY,fishing,varies,40,,,stock FireRed; levels 15-25
SPECIES_MAGIKARP,,wild,CELADON_CITY,fishing,varies,40,,,stock FireRed; levels 15-25
SPECIES_MAGIKARP,,wild,CELADON_CITY,fishing,varies,15,,,stock FireRed; levels 15-25
SPECIES_MAGIKARP,,wild,CELADON_CITY,fishing,varies,4,,,stock FireRed; levels 25-35
SPECIES_GRIMER,,wild,CELADON_CITY,fishing,varies,1,,,stock FireRed; levels 30-40
SPECIES_PSYDUCK,,wild,FUCHSIA_CITY,water,varies,60,,,stock FireRed; levels 20-25
SPECIES_PSYDUCK,,wild,FUCHSIA_CITY,water,varies,30,,,stock FireRed; levels 20-25
SPECIES_PSYDUCK,,wild,FUCHSIA_CITY,water,varies,5,,,stock FireRed; levels 25-30
SPECIES_PSYDUCK,,wild,FUCHSIA_CITY,water,varies,4,,,stock FireRed; levels 30-35
SPECIES_PSYDUCK,,wild,FUCHSIA_CITY,water,varies,1,,,stock FireRed; levels 35-40
SPECIES_MAGIKARP,,wild,FUCHSIA_CITY,fishing,varies,70,,,stock FireRed; levels 5-5
SPECIES_MAGIKARP,,wild,FUCHSIA_CITY,fishing,varies,30,,,stock FireRed; levels 5-5
SPECIES_GOLDEEN,,wild,FUCHSIA_CITY,fishing,varies,60,,,stock FireRed; levels 5-15
SPECIES_MAGIKARP,,wild,FUCHSIA_CITY,fishing,varies,20,,,stock FireRed; levels 5-15
SPECIES_POLIWAG,,wild,FUCHSIA_CITY,fishing,varies,20,,,stock FireRed; levels 5-15
SPECIES_GOLDEEN,,wild,FUCHSIA_CITY,fishing,varies,40,,,stock FireRed; levels 15-25
SPECIES_SEAKING,,wild,FUCHSIA_CITY,fishing,varies,40,,,stock FireRed; levels 20-30
SPECIES_GYARADOS,,wild,FUCHSIA_CITY,fishing,varies,15,,,stock FireRed; levels 15-25
SPECIES_PSYDUCK,,wild,FUCHSIA_CITY,fishing,varies,4,,,stock FireRed; levels 15-25
SPECIES_PSYDUCK,,wild,FUCHSIA_CITY,fishing,varies,1,,,stock FireRed; levels 25-35
SPECIES_TENTACOOL,,wild,CINNABAR_ISLAND,water,varies,60,,,stock FireRed; levels 5-10
SPECIES_TENTACOOL,,wild,CINNABAR_ISLAND,water,varies,30,,,stock FireRed; levels 10-20
SPECIES_TENTACOOL,,wild,CINNABAR_ISLAND,water,varies,5,,,stock FireRed; levels 20-30
SPECIES_TENTACOOL,,wild,CINNABAR_ISLAND,water,varies,4,,,stock FireRed; levels 30-35
SPECIES_TENTACOOL,,wild,CINNABAR_ISLAND,water,varies,1,,,stock FireRed; levels 35-40
SPECIES_MAGIKARP,,wild,CINNABAR_ISLAND,fishing,varies,70,,,stock FireRed; levels 5-5
SPECIES_MAGIKARP,,wild,CINNABAR_ISLAND,fishing,varies,30,,,stock FireRed; levels 5-5
SPECIES_HORSEA,,wild,CINNABAR_ISLAND,fishing,varies,60,,,stock FireRed; levels 5-15
SPECIES_MAGIKARP,,wild,CINNABAR_ISLAND,fishing,varies,20,,,stock FireRed; levels 5-15
SPECIES_KRABBY,,wild,CINNABAR_ISLAND,fishing,varies,20,,,stock FireRed; levels 5-15
SPECIES_HORSEA,,wild,CINNABAR_ISLAND,fishing,varies,40,,,stock FireRed; levels 15-25
SPECIES_SHELLDER,,wild,CINNABAR_ISLAND,fishing,varies,40,,,stock FireRed; levels 15-25
SPECIES_GYARADOS,,wild,CINNABAR_ISLAND,fishing,varies,15,,,stock FireRed; levels 15-25
SPECIES_SEADRA,,wild,CINNABAR_ISLAND,fishing,varies,4,,,stock FireRed; levels 25-35
SPECIES_PSYDUCK,,wild,CINNABAR_ISLAND,fishing,varies,1,,,stock FireRed; levels 25-35
SPECIES_TENTACOOL,,wild,ONE_ISLAND,water,varies,60,,,stock FireRed; levels 5-20
SPECIES_TENTACOOL,,wild,ONE_ISLAND,water,varies,30,,,stock FireRed; levels 20-35
SPECIES_TENTACOOL,,wild,ONE_ISLAND,water,varies,5,,,stock FireRed; levels 35-40
SPECIES_TENTACRUEL,,wild,ONE_ISLAND,water,varies,4,,,stock FireRed; levels 35-40
SPECIES_TENTACRUEL,,wild,ONE_ISLAND,water,varies,1,,,stock FireRed; levels 35-40
SPECIES_MAGIKARP,,wild,ONE_ISLAND,fishing,varies,70,,,stock FireRed; levels 5-5
SPECIES_MAGIKARP,,wild,ONE_ISLAND,fishing,varies,30,,,stock FireRed; levels 5-5
SPECIES_HORSEA,,wild,ONE_ISLAND,fishing,varies,60,,,stock FireRed; levels 5-15
SPECIES_MAGIKARP,,wild,ONE_ISLAND,fishing,varies,20,,,stock FireRed; levels 5-15
SPECIES_HORSEA,,wild,ONE_ISLAND,fishing,varies,20,,,stock FireRed; levels 5-15
SPECIES_HORSEA,,wild,ONE_ISLAND,fishing,varies,40,,,stock FireRed; levels 15-25
SPECIES_SHELLDER,,wild,ONE_ISLAND,fishing,varies,40,,,stock FireRed; levels 15-25
SPECIES_GYARADOS,,wild,ONE_ISLAND,fishing,varies,15,,,stock FireRed; levels 15-25
SPECIES_SEADRA,,wild,ONE_ISLAND,fishing,varies,4,,,stock FireRed; levels 25-35
SPECIES_PSYDUCK,,wild,ONE_ISLAND,fishing,varies,1,,,stock FireRed; levels 25-35
SPECIES_WOOPER,,wild,FOUR_ISLAND,water,varies,60,,,stock FireRed; levels 5-15
SPECIES_PSYDUCK,,wild,FOUR_ISLAND,water,varies,30,,,stock FireRed; levels 5-35
SPECIES_WOOPER,,wild,FOUR_ISLAND,water,varies,5,,,stock FireRed; levels 15-25
SPECIES_WOOPER,,wild,FOUR_ISLAND,water,varies,4,,,stock FireRed; levels 15-25
SPECIES_WOOPER,,wild,FOUR_ISLAND,water,varies,1,,,stock FireRed; levels 15-25
SPECIES_MAGIKARP,,wild,FOUR_ISLAND,fishing,varies,70,,,stock FireRed; levels 5-5
SPECIES_MAGIKARP,,wild,FOUR_ISLAND,fishing,varies,30,,,stock FireRed; levels 5-5
SPECIES_POLIWAG,,wild,FOUR_ISLAND,fishing,varies,60,,,stock FireRed; levels 5-15
SPECIES_MAGIKARP,,wild,FOUR_ISLAND,fishing,varies,20,,,stock FireRed; levels 5-15
SPECIES_GOLDEEN,,wild,FOUR_ISLAND,fishing,varies,20,,,stock FireRed; levels 5-15
SPECIES_POLIWAG,,wild,FOUR_ISLAND,fishing,varies,40,,,stock FireRed; levels 15-25
SPECIES_POLIWHIRL,,wild,FOUR_ISLAND,fishing,varies,40,,,stock FireRed; levels 20-30
SPECIES_GYARADOS,,wild,FOUR_ISLAND,fishing,varies,15,,,stock FireRed; levels 15-25
SPECIES_PSYDUCK,,wild,FOUR_ISLAND,fishing,varies,4,,,stock FireRed; levels 15-25
SPECIES_PSYDUCK,,wild,FOUR_ISLAND,fishing,varies,1,,,stock FireRed; levels 25-35
SPECIES_TENTACOOL,,wild,FIVE_ISLAND,water,varies,60,,,stock FireRed; levels 5-35
SPECIES_HOPPIP,,wild,FIVE_ISLAND,water,varies,30,,,stock FireRed; levels 5-15
SPECIES_TENTACOOL,,wild,FIVE_ISLAND,water,varies,5,,,stock FireRed; levels 35-40
SPECIES_TENTACRUEL,,wild,FIVE_ISLAND,water,varies,4,,,stock FireRed; levels 35-40
SPECIES_TENTACRUEL,,wild,FIVE_ISLAND,water,varies,1,,,stock FireRed; levels 35-40
SPECIES_MAGIKARP,,wild,FIVE_ISLAND,fishing,varies,70,,,stock FireRed; levels 5-5
SPECIES_MAGIKARP,,wild,FIVE_ISLAND,fishing,varies,30,,,stock FireRed; levels 5-5
SPECIES_HORSEA,,wild,FIVE_ISLAND,fishing,varies,60,,,stock FireRed; levels 5-15
SPECIES_MAGIKARP,,wild,FIVE_ISLAND,fishing,varies,20,,,stock FireRed; levels 5-15
SPECIES_HORSEA,,wild,FIVE_ISLAND,fishing,varies,20,,,stock FireRed; levels 5-15
SPECIES_HORSEA,,wild,FIVE_ISLAND,fishing,varies,40,,,stock FireRed; levels 15-25
SPECIES_SHELLDER,,wild,FIVE_ISLAND,fishing,varies,40,,,stock FireRed; levels 15-25
SPECIES_GYARADOS,,wild,FIVE_ISLAND,fishing,varies,15,,,stock FireRed; levels 15-25
SPECIES_SEADRA,,wild,FIVE_ISLAND,fishing,varies,4,,,stock FireRed; levels 25-35
SPECIES_PSYDUCK,,wild,FIVE_ISLAND,fishing,varies,1,,,stock FireRed; levels 25-35
SPECIES_ZUBAT,,wild,SIX_ISLAND_ALTERING_CAVE,land,varies,20,,,stock FireRed; levels 10-10
SPECIES_ZUBAT,,wild,SIX_ISLAND_ALTERING_CAVE,land,varies,20,,,stock FireRed; levels 12-12
SPECIES_ZUBAT,,wild,SIX_ISLAND_ALTERING_CAVE,land,varies,10,,,stock FireRed; levels 8-8
SPECIES_ZUBAT,,wild,SIX_ISLAND_ALTERING_CAVE,land,varies,10,,,stock FireRed; levels 14-14
SPECIES_ZUBAT,,wild,SIX_ISLAND_ALTERING_CAVE,land,varies,10,,,stock FireRed; levels 10-10
SPECIES_ZUBAT,,wild,SIX_ISLAND_ALTERING_CAVE,land,varies,10,,,stock FireRed; levels 12-12
SPECIES_ZUBAT,,wild,SIX_ISLAND_ALTERING_CAVE,land,varies,5,,,stock FireRed; levels 16-16
SPECIES_ZUBAT,,wild,SIX_ISLAND_ALTERING_CAVE,land,varies,5,,,stock FireRed; levels 6-6
SPECIES_ZUBAT,,wild,SIX_ISLAND_ALTERING_CAVE,land,varies,4,,,stock FireRed; levels 8-8
SPECIES_ZUBAT,,wild,SIX_ISLAND_ALTERING_CAVE,land,varies,4,,,stock FireRed; levels 14-14
SPECIES_ZUBAT,,wild,SIX_ISLAND_ALTERING_CAVE,land,varies,1,,,stock FireRed; levels 8-8
SPECIES_ZUBAT,,wild,SIX_ISLAND_ALTERING_CAVE,land,varies,1,,,stock FireRed; levels 14-14
SPECIES_MAREEP,,wild,SIX_ISLAND_ALTERING_CAVE,land,varies,20,,,stock FireRed; levels 7-7
SPECIES_MAREEP,,wild,SIX_ISLAND_ALTERING_CAVE,land,varies,20,,,stock FireRed; levels 9-9
SPECIES_MAREEP,,wild,SIX_ISLAND_ALTERING_CAVE,land,varies,10,,,stock FireRed; levels 5-5
SPECIES_MAREEP,,wild,SIX_ISLAND_ALTERING_CAVE,land,varies,10,,,stock FireRed; levels 11-11
SPECIES_MAREEP,,wild,SIX_ISLAND_ALTERING_CAVE,land,varies,10,,,stock FireRed; levels 7-7
SPECIES_MAREEP,,wild,SIX_ISLAND_ALTERING_CAVE,land,varies,10,,,stock FireRed; levels 9-9
SPECIES_MAREEP,,wild,SIX_ISLAND_ALTERING_CAVE,land,varies,5,,,stock FireRed; levels 13-13
SPECIES_MAREEP,,wild,SIX_ISLAND_ALTERING_CAVE,land,varies,5,,,stock FireRed; levels 3-3
SPECIES_MAREEP,,wild,SIX_ISLAND_ALTERING_CAVE,land,varies,4,,,stock FireRed; levels 5-5
SPECIES_MAREEP,,wild,SIX_ISLAND_ALTERING_CAVE,land,varies,4,,,stock FireRed; levels 11-11
SPECIES_MAREEP,,wild,SIX_ISLAND_ALTERING_CAVE,land,varies,1,,,stock FireRed; levels 5-5
SPECIES_MAREEP,,wild,SIX_ISLAND_ALTERING_CAVE,land,varies,1,,,stock FireRed; levels 11-11
SPECIES_PINECO,,wild,SIX_ISLAND_ALTERING_CAVE,land,varies,20,,,stock FireRed; levels 23-23
SPECIES_PINECO,,wild,SIX_ISLAND_ALTERING_CAVE,land,varies,20,,,stock FireRed; levels 25-25
SPECIES_PINECO,,wild,SIX_ISLAND_ALTERING_CAVE,land,varies,10,,,stock FireRed; levels 22-22
SPECIES_PINECO,,wild,SIX_ISLAND_ALTERING_CAVE,land,varies,10,,,stock FireRed; levels 27-27
SPECIES_PINECO,,wild,SIX_ISLAND_ALTERING_CAVE,land,varies,10,,,stock FireRed; levels 23-23
SPECIES_PINECO,,wild,SIX_ISLAND_ALTERING_CAVE,land,varies,10,,,stock FireRed; levels 25-25
SPECIES_PINECO,,wild,SIX_ISLAND_ALTERING_CAVE,land,varies,5,,,stock FireRed; levels 29-29
SPECIES_PINECO,,wild,SIX_ISLAND_ALTERING_CAVE,land,varies,5,,,stock FireRed; levels 19-19
SPECIES_PINECO,,wild,SIX_ISLAND_ALTERING_CAVE,land,varies,4,,,stock FireRed; levels 21-21
SPECIES_PINECO,,wild,SIX_ISLAND_ALTERING_CAVE,land,varies,4,,,stock FireRed; levels 27-27
SPECIES_PINECO,,wild,SIX_ISLAND_ALTERING_CAVE,land,varies,1,,,stock FireRed; levels 21-21
SPECIES_PINECO,,wild,SIX_ISLAND_ALTERING_CAVE,land,varies,1,,,stock FireRed; levels 27-27
SPECIES_HOUNDOUR,,wild,SIX_ISLAND_ALTERING_CAVE,land,varies,20,,,stock FireRed; levels 16-16
SPECIES_HOUNDOUR,,wild,SIX_ISLAND_ALTERING_CAVE,land,varies,20,,,stock FireRed; levels 18-18
SPECIES_HOUNDOUR,,wild,SIX_ISLAND_ALTERING_CAVE,land,varies,10,,,stock FireRed; levels 14-14
SPECIES_HOUNDOUR,,wild,SIX_ISLAND_ALTERING_CAVE,land,varies,10,,,stock FireRed; levels 20-20
SPECIES_HOUNDOUR,,wild,SIX_ISLAND_ALTERING_CAVE,land,varies,10,,,stock FireRed; levels 16-16
SPECIES_HOUNDOUR,,wild,SIX_ISLAND_ALTERING_CAVE,land,varies,10,,,stock FireRed; levels 18-18
SPECIES_HOUNDOUR,,wild,SIX_ISLAND_ALTERING_CAVE,land,varies,5,,,stock FireRed; levels 22-22
SPECIES_HOUNDOUR,,wild,SIX_ISLAND_ALTERING_CAVE,land,varies,5,,,stock FireRed; levels 12-12
SPECIES_HOUNDOUR,,wild,SIX_ISLAND_ALTERING_CAVE,land,varies,4,,,stock FireRed; levels 14-14
SPECIES_HOUNDOUR,,wild,SIX_ISLAND_ALTERING_CAVE,land,varies,4,,,stock FireRed; levels 20-20
SPECIES_HOUNDOUR,,wild,SIX_ISLAND_ALTERING_CAVE,land,varies,1,,,stock FireRed; levels 14-14
SPECIES_HOUNDOUR,,wild,SIX_ISLAND_ALTERING_CAVE,land,varies,1,,,stock FireRed; levels 20-20
SPECIES_TEDDIURSA,,wild,SIX_ISLAND_ALTERING_CAVE,land,varies,20,,,stock FireRed; levels 22-22
SPECIES_TEDDIURSA,,wild,SIX_ISLAND_ALTERING_CAVE,land,varies,20,,,stock FireRed; levels 24-24
SPECIES_TEDDIURSA,,wild,SIX_ISLAND_ALTERING_CAVE,land,varies,10,,,stock FireRed; levels 20-20
SPECIES_TEDDIURSA,,wild,SIX_ISLAND_ALTERING_CAVE,land,varies,10,,,stock FireRed; levels 26-26
SPECIES_TEDDIURSA,,wild,SIX_ISLAND_ALTERING_CAVE,land,varies,10,,,stock FireRed; levels 22-22
SPECIES_TEDDIURSA,,wild,SIX_ISLAND_ALTERING_CAVE,land,varies,10,,,stock FireRed; levels 24-24
SPECIES_TEDDIURSA,,wild,SIX_ISLAND_ALTERING_CAVE,land,varies,5,,,stock FireRed; levels 28-28
SPECIES_TEDDIURSA,,wild,SIX_ISLAND_ALTERING_CAVE,land,varies,5,,,stock FireRed; levels 18-18
SPECIES_TEDDIURSA,,wild,SIX_ISLAND_ALTERING_CAVE,land,varies,4,,,stock FireRed; levels 20-20
SPECIES_TEDDIURSA,,wild,SIX_ISLAND_ALTERING_CAVE,land,varies,4,,,stock FireRed; levels 26-26
SPECIES_TEDDIURSA,,wild,SIX_ISLAND_ALTERING_CAVE,land,varies,1,,,stock FireRed; levels 20-20
SPECIES_TEDDIURSA,,wild,SIX_ISLAND_ALTERING_CAVE,land,varies,1,,,stock FireRed; levels 26-26
SPECIES_AIPOM,,wild,SIX_ISLAND_ALTERING_CAVE,land,varies,20,,,stock FireRed; levels 22-22
SPECIES_AIPOM,,wild,SIX_ISLAND_ALTERING_CAVE,land,varies,20,,,stock FireRed; levels 24-24
SPECIES_AIPOM,,wild,SIX_ISLAND_ALTERING_CAVE,land,varies,10,,,stock FireRed; levels 20-20
SPECIES_AIPOM,,wild,SIX_ISLAND_ALTERING_CAVE,land,varies,10,,,stock FireRed; levels 26-26
SPECIES_AIPOM,,wild,SIX_ISLAND_ALTERING_CAVE,land,varies,10,,,stock FireRed; levels 22-22
SPECIES_AIPOM,,wild,SIX_ISLAND_ALTERING_CAVE,land,varies,10,,,stock FireRed; levels 24-24
SPECIES_AIPOM,,wild,SIX_ISLAND_ALTERING_CAVE,land,varies,5,,,stock FireRed; levels 28-28
SPECIES_AIPOM,,wild,SIX_ISLAND_ALTERING_CAVE,land,varies,5,,,stock FireRed; levels 18-18
SPECIES_AIPOM,,wild,SIX_ISLAND_ALTERING_CAVE,land,varies,4,,,stock FireRed; levels 20-20
SPECIES_AIPOM,,wild,SIX_ISLAND_ALTERING_CAVE,land,varies,4,,,stock FireRed; levels 26-26
SPECIES_AIPOM,,wild,SIX_ISLAND_ALTERING_CAVE,land,varies,1,,,stock FireRed; levels 20-20
SPECIES_AIPOM,,wild,SIX_ISLAND_ALTERING_CAVE,land,varies,1,,,stock FireRed; levels 26-26
SPECIES_SHUCKLE,,wild,SIX_ISLAND_ALTERING_CAVE,land,varies,20,,,stock FireRed; levels 22-22
SPECIES_SHUCKLE,,wild,SIX_ISLAND_ALTERING_CAVE,land,varies,20,,,stock FireRed; levels 24-24
SPECIES_SHUCKLE,,wild,SIX_ISLAND_ALTERING_CAVE,land,varies,10,,,stock FireRed; levels 20-20
SPECIES_SHUCKLE,,wild,SIX_ISLAND_ALTERING_CAVE,land,varies,10,,,stock FireRed; levels 26-26
SPECIES_SHUCKLE,,wild,SIX_ISLAND_ALTERING_CAVE,land,varies,10,,,stock FireRed; levels 22-22
SPECIES_SHUCKLE,,wild,SIX_ISLAND_ALTERING_CAVE,land,varies,10,,,stock FireRed; levels 24-24
SPECIES_SHUCKLE,,wild,SIX_ISLAND_ALTERING_CAVE,land,varies,5,,,stock FireRed; levels 28-28
SPECIES_SHUCKLE,,wild,SIX_ISLAND_ALTERING_CAVE,land,varies,5,,,stock FireRed; levels 18-18
SPECIES_SHUCKLE,,wild,SIX_ISLAND_ALTERING_CAVE,land,varies,4,,,stock FireRed; levels 20-20
SPECIES_SHUCKLE,,wild,SIX_ISLAND_ALTERING_CAVE,land,varies,4,,,stock FireRed; levels 26-26
SPECIES_SHUCKLE,,wild,SIX_ISLAND_ALTERING_CAVE,land,varies,1,,,stock FireRed; levels 20-20
SPECIES_SHUCKLE,,wild,SIX_ISLAND_ALTERING_CAVE,land,varies,1,,,stock FireRed; levels 26-26
SPECIES_STANTLER,,wild,SIX_ISLAND_ALTERING_CAVE,land,varies,20,,,stock FireRed; levels 22-22
SPECIES_STANTLER,,wild,SIX_ISLAND_ALTERING_CAVE,land,varies,20,,,stock FireRed; levels 24-24
SPECIES_STANTLER,,wild,SIX_ISLAND_ALTERING_CAVE,land,varies,10,,,stock FireRed; levels 20-20
SPECIES_STANTLER,,wild,SIX_ISLAND_ALTERING_CAVE,land,varies,10,,,stock FireRed; levels 26-26
SPECIES_STANTLER,,wild,SIX_ISLAND_ALTERING_CAVE,land,varies,10,,,stock FireRed; levels 22-22
SPECIES_STANTLER,,wild,SIX_ISLAND_ALTERING_CAVE,land,varies,10,,,stock FireRed; levels 24-24
SPECIES_STANTLER,,wild,SIX_ISLAND_ALTERING_CAVE,land,varies,5,,,stock FireRed; levels 28-28
SPECIES_STANTLER,,wild,SIX_ISLAND_ALTERING_CAVE,land,varies,5,,,stock FireRed; levels 18-18
SPECIES_STANTLER,,wild,SIX_ISLAND_ALTERING_CAVE,land,varies,4,,,stock FireRed; levels 20-20
SPECIES_STANTLER,,wild,SIX_ISLAND_ALTERING_CAVE,land,varies,4,,,stock FireRed; levels 26-26
SPECIES_STANTLER,,wild,SIX_ISLAND_ALTERING_CAVE,land,varies,1,,,stock FireRed; levels 20-20
SPECIES_STANTLER,,wild,SIX_ISLAND_ALTERING_CAVE,land,varies,1,,,stock FireRed; levels 26-26
SPECIES_SMEARGLE,,wild,SIX_ISLAND_ALTERING_CAVE,land,varies,20,,,stock FireRed; levels 22-22
SPECIES_SMEARGLE,,wild,SIX_ISLAND_ALTERING_CAVE,land,varies,20,,,stock FireRed; levels 24-24
SPECIES_SMEARGLE,,wild,SIX_ISLAND_ALTERING_CAVE,land,varies,10,,,stock FireRed; levels 20-20
SPECIES_SMEARGLE,,wild,SIX_ISLAND_ALTERING_CAVE,land,varies,10,,,stock FireRed; levels 26-26
SPECIES_SMEARGLE,,wild,SIX_ISLAND_ALTERING_CAVE,land,varies,10,,,stock FireRed; levels 22-22
SPECIES_SMEARGLE,,wild,SIX_ISLAND_ALTERING_CAVE,land,varies,10,,,stock FireRed; levels 24-24
SPECIES_SMEARGLE,,wild,SIX_ISLAND_ALTERING_CAVE,land,varies,5,,,stock FireRed; levels 28-28
SPECIES_SMEARGLE,,wild,SIX_ISLAND_ALTERING_CAVE,land,varies,5,,,stock FireRed; levels 18-18
SPECIES_SMEARGLE,,wild,SIX_ISLAND_ALTERING_CAVE,land,varies,4,,,stock FireRed; levels 20-20
SPECIES_SMEARGLE,,wild,SIX_ISLAND_ALTERING_CAVE,land,varies,4,,,stock FireRed; levels 26-26
SPECIES_SMEARGLE,,wild,SIX_ISLAND_ALTERING_CAVE,land,varies,1,,,stock FireRed; levels 20-20
SPECIES_SMEARGLE,,wild,SIX_ISLAND_ALTERING_CAVE,land,varies,1,,,stock FireRed; levels 26-26
SPECIES_HYPNO,,static,ThreeIsland_BerryForest,scripted,varies,guaranteed,,stock FireRed script,setwildbattle
SPECIES_ABRA,,gift,CeladonCity_GameCorner_PrizeRoom,scripted,varies,guaranteed,,stock FireRed script,givemon via VAR_TEMP_1
SPECIES_CLEFAIRY,,gift,CeladonCity_GameCorner_PrizeRoom,scripted,varies,guaranteed,,stock FireRed script,givemon via VAR_TEMP_1
SPECIES_DRATINI,,gift,CeladonCity_GameCorner_PrizeRoom,scripted,varies,guaranteed,,stock FireRed script,givemon via VAR_TEMP_1
SPECIES_PORYGON,,gift,CeladonCity_GameCorner_PrizeRoom,scripted,varies,guaranteed,,stock FireRed script,givemon via VAR_TEMP_1
SPECIES_SCYTHER,,gift,CeladonCity_GameCorner_PrizeRoom,scripted,varies,guaranteed,,stock FireRed script,givemon via VAR_TEMP_1
SPECIES_LAPRAS,,gift,SilphCo_7F,scripted,varies,guaranteed,,stock FireRed script,givemon
SPECIES_ARTICUNO,,static,SeafoamIslands_B4F,scripted,varies,guaranteed,,stock FireRed script,setwildbattle
SPECIES_MOLTRES,,static,MtEmber_Summit,scripted,varies,guaranteed,,stock FireRed script,setwildbattle
SPECIES_TOGEPI,,egg,FiveIsland_WaterLabyrinth,scripted,varies,guaranteed,,stock FireRed script,giveegg
SPECIES_BULBASAUR,,gift,PalletTown_ProfessorOaksLab,scripted,varies,guaranteed,,stock FireRed script,givemon via PLAYER_STARTER_SPECIES
SPECIES_CHARMANDER,,gift,PalletTown_ProfessorOaksLab,scripted,varies,guaranteed,,stock FireRed script,givemon via PLAYER_STARTER_SPECIES
SPECIES_SQUIRTLE,,gift,PalletTown_ProfessorOaksLab,scripted,varies,guaranteed,,stock FireRed script,givemon via PLAYER_STARTER_SPECIES
SPECIES_SNORLAX,,static,Route12,scripted,varies,guaranteed,,stock FireRed script,setwildbattle
SPECIES_EEVEE,,gift,CeladonCity_Condominiums_RoofRoom,scripted,varies,guaranteed,,stock FireRed script,givemon
SPECIES_OMANYTE,,gift,CinnabarIsland_PokemonLab_ExperimentRoom,scripted,varies,guaranteed,,stock FireRed script,givemon
SPECIES_KABUTO,,gift,CinnabarIsland_PokemonLab_ExperimentRoom,scripted,varies,guaranteed,,stock FireRed script,givemon
SPECIES_AERODACTYL,,gift,CinnabarIsland_PokemonLab_ExperimentRoom,scripted,varies,guaranteed,,stock FireRed script,givemon
SPECIES_SNORLAX,,static,Route16,scripted,varies,guaranteed,,stock FireRed script,setwildbattle
SPECIES_HITMONCHAN,,gift,SaffronCity_Dojo,scripted,varies,guaranteed,,stock FireRed script,givemon via VAR_TEMP_1
SPECIES_HITMONLEE,,gift,SaffronCity_Dojo,scripted,varies,guaranteed,,stock FireRed script,givemon via VAR_TEMP_1
SPECIES_MEWTWO,,static,CeruleanCave_B1F,scripted,varies,guaranteed,,stock FireRed script,setwildbattle
SPECIES_MAROWAK,,static,PokemonTower_6F,scripted,varies,guaranteed,,stock FireRed script,setwildbattle
SPECIES_MAGIKARP,,gift,Route4_PokemonCenter_1F,scripted,varies,guaranteed,,stock FireRed script,givemon
SPECIES_ZAPDOS,,static,PowerPlant,scripted,varies,guaranteed,,stock FireRed script,setwildbattle
SPECIES_ELECTRODE,,static,PowerPlant,scripted,varies,guaranteed,,stock FireRed script,setwildbattle
SPECIES_ELECTRODE,,static,PowerPlant,scripted,varies,guaranteed,,stock FireRed script,setwildbattle
SPECIES_JYNX,,in-game trade,CeruleanCity_House3,scripted,varies,guaranteed,,stock FireRed in-game trade,INGAME_TRADE_JYNX
SPECIES_NIDORINA,,in-game trade,Route11_EastEntrance_2F,scripted,varies,guaranteed,,stock FireRed in-game trade,INGAME_TRADE_NIDORINOA
SPECIES_TANGELA,,in-game trade,CinnabarIsland_PokemonLab_Lounge,scripted,varies,guaranteed,,stock FireRed in-game trade,INGAME_TRADE_TANGELA
SPECIES_ELECTRODE,,in-game trade,CinnabarIsland_PokemonLab_Lounge,scripted,varies,guaranteed,,stock FireRed in-game trade,INGAME_TRADE_ELECTRODE
SPECIES_LICKITUNG,,in-game trade,Route18_EastEntrance_2F,scripted,varies,guaranteed,,stock FireRed in-game trade,INGAME_TRADE_LICKITUNG
SPECIES_SEEL,,in-game trade,CinnabarIsland_PokemonLab_ExperimentRoom,scripted,varies,guaranteed,,stock FireRed in-game trade,INGAME_TRADE_SEEL
SPECIES_MR_MIME,,in-game trade,Route2_House,scripted,varies,guaranteed,,stock FireRed in-game trade,INGAME_TRADE_MR_MIME
SPECIES_FARFETCHD,,in-game trade,VermilionCity_House2,scripted,varies,guaranteed,,stock FireRed in-game trade,INGAME_TRADE_FARFETCHD
SPECIES_NIDORAN_F,,in-game trade,UndergroundPath_NorthEntrance,scripted,varies,guaranteed,,stock FireRed in-game trade,INGAME_TRADE_NIDORAN
SPECIES_ABSOL,,wild reserve,THREE_ISLAND_BERRY_FOREST,land,8 + game clear,20,,Gen 9 Sevii Reserve,morning deterministic slot 1
SPECIES_ALCREMIE_GIGA,,wild reserve,THREE_ISLAND_BERRY_FOREST,land,8 + game clear,20,,Gen 9 Sevii Reserve,morning deterministic slot 2
SPECIES_ALOMOMOLA,,wild reserve,THREE_ISLAND_BERRY_FOREST,land,8 + game clear,10,,Gen 9 Sevii Reserve,morning deterministic slot 3
SPECIES_AMAURA,,wild reserve,THREE_ISLAND_BERRY_FOREST,land,8 + game clear,10,,Gen 9 Sevii Reserve,morning deterministic slot 4
SPECIES_ANORITH,,wild reserve,THREE_ISLAND_BERRY_FOREST,land,8 + game clear,10,,Gen 9 Sevii Reserve,morning deterministic slot 5
SPECIES_APPLIN,,wild reserve,THREE_ISLAND_BERRY_FOREST,land,8 + game clear,10,,Gen 9 Sevii Reserve,morning deterministic slot 6
SPECIES_ARCEUS,,wild reserve,THREE_ISLAND_BERRY_FOREST,land,8 + game clear,5,,Gen 9 Sevii Reserve,morning deterministic slot 7
SPECIES_ARCHEN,,wild reserve,THREE_ISLAND_BERRY_FOREST,land,8 + game clear,5,,Gen 9 Sevii Reserve,morning deterministic slot 8
SPECIES_ARCTOVISH,,wild reserve,THREE_ISLAND_BERRY_FOREST,land,8 + game clear,4,,Gen 9 Sevii Reserve,morning deterministic slot 9
SPECIES_ARCTOZOLT,,wild reserve,THREE_ISLAND_BERRY_FOREST,land,8 + game clear,4,,Gen 9 Sevii Reserve,morning deterministic slot 10
SPECIES_ARON,,wild reserve,THREE_ISLAND_BERRY_FOREST,land,8 + game clear,1,,Gen 9 Sevii Reserve,morning deterministic slot 11
SPECIES_ARROKUDA,,wild reserve,THREE_ISLAND_BERRY_FOREST,land,8 + game clear,1,,Gen 9 Sevii Reserve,morning deterministic slot 12
SPECIES_AUDINO,,wild reserve,THREE_ISLAND_BERRY_FOREST,land,8 + game clear,20,,Gen 9 Sevii Reserve,day deterministic slot 1
SPECIES_AXEW,,wild reserve,THREE_ISLAND_BERRY_FOREST,land,8 + game clear,20,,Gen 9 Sevii Reserve,day deterministic slot 2
SPECIES_AZELF,,wild reserve,THREE_ISLAND_BERRY_FOREST,land,8 + game clear,10,,Gen 9 Sevii Reserve,day deterministic slot 3
SPECIES_AZURILL,,wild reserve,THREE_ISLAND_BERRY_FOREST,land,8 + game clear,10,,Gen 9 Sevii Reserve,day deterministic slot 4
SPECIES_BAGON,,wild reserve,THREE_ISLAND_BERRY_FOREST,land,8 + game clear,10,,Gen 9 Sevii Reserve,day deterministic slot 5
SPECIES_BALTOY,,wild reserve,THREE_ISLAND_BERRY_FOREST,land,8 + game clear,10,,Gen 9 Sevii Reserve,day deterministic slot 6
SPECIES_BARBOACH,,wild reserve,THREE_ISLAND_BERRY_FOREST,land,8 + game clear,5,,Gen 9 Sevii Reserve,day deterministic slot 7
SPECIES_BASCULIN_H,,wild reserve,THREE_ISLAND_BERRY_FOREST,land,8 + game clear,5,,Gen 9 Sevii Reserve,day deterministic slot 8
SPECIES_BELDUM,,wild reserve,THREE_ISLAND_BERRY_FOREST,land,8 + game clear,4,,Gen 9 Sevii Reserve,day deterministic slot 9
SPECIES_BELLSPROUT,,wild reserve,THREE_ISLAND_BERRY_FOREST,land,8 + game clear,4,,Gen 9 Sevii Reserve,day deterministic slot 10
SPECIES_BERGMITE,,wild reserve,THREE_ISLAND_BERRY_FOREST,land,8 + game clear,1,,Gen 9 Sevii Reserve,day deterministic slot 11
SPECIES_BIDOOF,,wild reserve,THREE_ISLAND_BERRY_FOREST,land,8 + game clear,1,,Gen 9 Sevii Reserve,day deterministic slot 12
SPECIES_BINACLE,,wild reserve,THREE_ISLAND_BERRY_FOREST,land,8 + game clear,20,,Gen 9 Sevii Reserve,evening deterministic slot 1
SPECIES_BLACEPHALON,,wild reserve,THREE_ISLAND_BERRY_FOREST,land,8 + game clear,20,,Gen 9 Sevii Reserve,evening deterministic slot 2
SPECIES_BLIPBUG,,wild reserve,THREE_ISLAND_BERRY_FOREST,land,8 + game clear,10,,Gen 9 Sevii Reserve,evening deterministic slot 3
SPECIES_BLITZLE,,wild reserve,THREE_ISLAND_BERRY_FOREST,land,8 + game clear,10,,Gen 9 Sevii Reserve,evening deterministic slot 4
SPECIES_BOMBIRDIER,,wild reserve,THREE_ISLAND_BERRY_FOREST,land,8 + game clear,10,,Gen 9 Sevii Reserve,evening deterministic slot 5
SPECIES_BONSLY,,wild reserve,THREE_ISLAND_BERRY_FOREST,land,8 + game clear,10,,Gen 9 Sevii Reserve,evening deterministic slot 6
SPECIES_BOUFFALANT,,wild reserve,THREE_ISLAND_BERRY_FOREST,land,8 + game clear,5,,Gen 9 Sevii Reserve,evening deterministic slot 7
SPECIES_BOUNSWEET,,wild reserve,THREE_ISLAND_BERRY_FOREST,land,8 + game clear,5,,Gen 9 Sevii Reserve,evening deterministic slot 8
SPECIES_BRAMBLIN,,wild reserve,THREE_ISLAND_BERRY_FOREST,land,8 + game clear,4,,Gen 9 Sevii Reserve,evening deterministic slot 9
SPECIES_BRONZOR,,wild reserve,THREE_ISLAND_BERRY_FOREST,land,8 + game clear,4,,Gen 9 Sevii Reserve,evening deterministic slot 10
SPECIES_BRUTE_BONNET,,wild reserve,THREE_ISLAND_BERRY_FOREST,land,8 + game clear,1,,Gen 9 Sevii Reserve,evening deterministic slot 11
SPECIES_BRUXISH,,wild reserve,THREE_ISLAND_BERRY_FOREST,land,8 + game clear,1,,Gen 9 Sevii Reserve,evening deterministic slot 12
SPECIES_BUDEW,,wild reserve,THREE_ISLAND_BERRY_FOREST,land,8 + game clear,20,,Gen 9 Sevii Reserve,night deterministic slot 1
SPECIES_BUNNELBY,,wild reserve,THREE_ISLAND_BERRY_FOREST,land,8 + game clear,20,,Gen 9 Sevii Reserve,night deterministic slot 2
SPECIES_BURMY,,wild reserve,THREE_ISLAND_BERRY_FOREST,land,8 + game clear,10,,Gen 9 Sevii Reserve,night deterministic slot 3
SPECIES_BUZZWOLE,,wild reserve,THREE_ISLAND_BERRY_FOREST,land,8 + game clear,10,,Gen 9 Sevii Reserve,night deterministic slot 4
SPECIES_CACNEA,,wild reserve,THREE_ISLAND_BERRY_FOREST,land,8 + game clear,10,,Gen 9 Sevii Reserve,night deterministic slot 5
SPECIES_CALYREX,,wild reserve,THREE_ISLAND_BERRY_FOREST,land,8 + game clear,10,,Gen 9 Sevii Reserve,night deterministic slot 6
SPECIES_CAPSAKID,,wild reserve,THREE_ISLAND_BERRY_FOREST,land,8 + game clear,5,,Gen 9 Sevii Reserve,night deterministic slot 7
SPECIES_CARBINK,,wild reserve,THREE_ISLAND_BERRY_FOREST,land,8 + game clear,5,,Gen 9 Sevii Reserve,night deterministic slot 8
SPECIES_CARNIVINE,,wild reserve,THREE_ISLAND_BERRY_FOREST,land,8 + game clear,4,,Gen 9 Sevii Reserve,night deterministic slot 9
SPECIES_CARVANHA,,wild reserve,THREE_ISLAND_BERRY_FOREST,land,8 + game clear,4,,Gen 9 Sevii Reserve,night deterministic slot 10
SPECIES_CASTFORM,,wild reserve,THREE_ISLAND_BERRY_FOREST,land,8 + game clear,1,,Gen 9 Sevii Reserve,night deterministic slot 11
SPECIES_CELEBI,,wild reserve,THREE_ISLAND_BERRY_FOREST,land,8 + game clear,1,,Gen 9 Sevii Reserve,night deterministic slot 12
SPECIES_CELESTEELA,,wild reserve,FOUR_ISLAND_ICEFALL_CAVE_1F,land,8 + game clear,20,,Gen 9 Sevii Reserve,morning deterministic slot 1
SPECIES_CETODDLE,,wild reserve,FOUR_ISLAND_ICEFALL_CAVE_1F,land,8 + game clear,20,,Gen 9 Sevii Reserve,morning deterministic slot 2
SPECIES_CHARCADET,,wild reserve,FOUR_ISLAND_ICEFALL_CAVE_1F,land,8 + game clear,10,,Gen 9 Sevii Reserve,morning deterministic slot 3
SPECIES_CHATOT,,wild reserve,FOUR_ISLAND_ICEFALL_CAVE_1F,land,8 + game clear,10,,Gen 9 Sevii Reserve,morning deterministic slot 4
SPECIES_CHERUBI,,wild reserve,FOUR_ISLAND_ICEFALL_CAVE_1F,land,8 + game clear,10,,Gen 9 Sevii Reserve,morning deterministic slot 5
SPECIES_CHESPIN,,wild reserve,FOUR_ISLAND_ICEFALL_CAVE_1F,land,8 + game clear,10,,Gen 9 Sevii Reserve,morning deterministic slot 6
SPECIES_CHEWTLE,,wild reserve,FOUR_ISLAND_ICEFALL_CAVE_1F,land,8 + game clear,5,,Gen 9 Sevii Reserve,morning deterministic slot 7
SPECIES_CHIEN_PAO,,wild reserve,FOUR_ISLAND_ICEFALL_CAVE_1F,land,8 + game clear,5,,Gen 9 Sevii Reserve,morning deterministic slot 8
SPECIES_CHIKORITA,,wild reserve,FOUR_ISLAND_ICEFALL_CAVE_1F,land,8 + game clear,4,,Gen 9 Sevii Reserve,morning deterministic slot 9
SPECIES_CHIMCHAR,,wild reserve,FOUR_ISLAND_ICEFALL_CAVE_1F,land,8 + game clear,4,,Gen 9 Sevii Reserve,morning deterministic slot 10
SPECIES_CHINCHOU,,wild reserve,FOUR_ISLAND_ICEFALL_CAVE_1F,land,8 + game clear,1,,Gen 9 Sevii Reserve,morning deterministic slot 11
SPECIES_CHINGLING,,wild reserve,FOUR_ISLAND_ICEFALL_CAVE_1F,land,8 + game clear,1,,Gen 9 Sevii Reserve,morning deterministic slot 12
SPECIES_CHI_YU,,wild reserve,FOUR_ISLAND_ICEFALL_CAVE_1F,land,8 + game clear,20,,Gen 9 Sevii Reserve,day deterministic slot 1
SPECIES_CLAMPERL,,wild reserve,FOUR_ISLAND_ICEFALL_CAVE_1F,land,8 + game clear,20,,Gen 9 Sevii Reserve,day deterministic slot 2
SPECIES_CLAUNCHER,,wild reserve,FOUR_ISLAND_ICEFALL_CAVE_1F,land,8 + game clear,10,,Gen 9 Sevii Reserve,day deterministic slot 3
SPECIES_CLOBBOPUS,,wild reserve,FOUR_ISLAND_ICEFALL_CAVE_1F,land,8 + game clear,10,,Gen 9 Sevii Reserve,day deterministic slot 4
SPECIES_CLODSIRE,,wild reserve,FOUR_ISLAND_ICEFALL_CAVE_1F,land,8 + game clear,10,,Gen 9 Sevii Reserve,day deterministic slot 5
SPECIES_COBALION,,wild reserve,FOUR_ISLAND_ICEFALL_CAVE_1F,land,8 + game clear,10,,Gen 9 Sevii Reserve,day deterministic slot 6
SPECIES_COMBEE,,wild reserve,FOUR_ISLAND_ICEFALL_CAVE_1F,land,8 + game clear,5,,Gen 9 Sevii Reserve,day deterministic slot 7
SPECIES_COMFEY,,wild reserve,FOUR_ISLAND_ICEFALL_CAVE_1F,land,8 + game clear,5,,Gen 9 Sevii Reserve,day deterministic slot 8
SPECIES_CORPHISH,,wild reserve,FOUR_ISLAND_ICEFALL_CAVE_1F,land,8 + game clear,4,,Gen 9 Sevii Reserve,day deterministic slot 9
SPECIES_CORSOLA,,wild reserve,FOUR_ISLAND_ICEFALL_CAVE_1F,land,8 + game clear,4,,Gen 9 Sevii Reserve,day deterministic slot 10
SPECIES_COSMOG,,wild reserve,FOUR_ISLAND_ICEFALL_CAVE_1F,land,8 + game clear,1,,Gen 9 Sevii Reserve,day deterministic slot 11
SPECIES_COTTONEE,,wild reserve,FOUR_ISLAND_ICEFALL_CAVE_1F,land,8 + game clear,1,,Gen 9 Sevii Reserve,day deterministic slot 12
SPECIES_CRABRAWLER,,wild reserve,FOUR_ISLAND_ICEFALL_CAVE_1F,land,8 + game clear,20,,Gen 9 Sevii Reserve,evening deterministic slot 1
SPECIES_CRAMORANT,,wild reserve,FOUR_ISLAND_ICEFALL_CAVE_1F,land,8 + game clear,20,,Gen 9 Sevii Reserve,evening deterministic slot 2
SPECIES_CRANIDOS,,wild reserve,FOUR_ISLAND_ICEFALL_CAVE_1F,land,8 + game clear,10,,Gen 9 Sevii Reserve,evening deterministic slot 3
SPECIES_CRESSELIA,,wild reserve,FOUR_ISLAND_ICEFALL_CAVE_1F,land,8 + game clear,10,,Gen 9 Sevii Reserve,evening deterministic slot 4
SPECIES_CROAGUNK,,wild reserve,FOUR_ISLAND_ICEFALL_CAVE_1F,land,8 + game clear,10,,Gen 9 Sevii Reserve,evening deterministic slot 5
SPECIES_CRYOGONAL,,wild reserve,FOUR_ISLAND_ICEFALL_CAVE_1F,land,8 + game clear,10,,Gen 9 Sevii Reserve,evening deterministic slot 6
SPECIES_CUBCHOO,,wild reserve,FOUR_ISLAND_ICEFALL_CAVE_1F,land,8 + game clear,5,,Gen 9 Sevii Reserve,evening deterministic slot 7
SPECIES_CUFANT,,wild reserve,FOUR_ISLAND_ICEFALL_CAVE_1F,land,8 + game clear,5,,Gen 9 Sevii Reserve,evening deterministic slot 8
SPECIES_CURSOLA,,wild reserve,FOUR_ISLAND_ICEFALL_CAVE_1F,land,8 + game clear,4,,Gen 9 Sevii Reserve,evening deterministic slot 9
SPECIES_CYCLIZAR,,wild reserve,FOUR_ISLAND_ICEFALL_CAVE_1F,land,8 + game clear,4,,Gen 9 Sevii Reserve,evening deterministic slot 10
SPECIES_CYNDAQUIL,,wild reserve,FOUR_ISLAND_ICEFALL_CAVE_1F,land,8 + game clear,1,,Gen 9 Sevii Reserve,evening deterministic slot 11
SPECIES_DARKRAI,,wild reserve,FOUR_ISLAND_ICEFALL_CAVE_1F,land,8 + game clear,1,,Gen 9 Sevii Reserve,evening deterministic slot 12
SPECIES_DARUMAKA,,wild reserve,FOUR_ISLAND_ICEFALL_CAVE_1F,land,8 + game clear,20,,Gen 9 Sevii Reserve,night deterministic slot 1
SPECIES_DEDENNE,,wild reserve,FOUR_ISLAND_ICEFALL_CAVE_1F,land,8 + game clear,20,,Gen 9 Sevii Reserve,night deterministic slot 2
SPECIES_DEINO,,wild reserve,FOUR_ISLAND_ICEFALL_CAVE_1F,land,8 + game clear,10,,Gen 9 Sevii Reserve,night deterministic slot 3
SPECIES_DEOXYS,,wild reserve,FOUR_ISLAND_ICEFALL_CAVE_1F,land,8 + game clear,10,,Gen 9 Sevii Reserve,night deterministic slot 4
SPECIES_DEWPIDER,,wild reserve,FOUR_ISLAND_ICEFALL_CAVE_1F,land,8 + game clear,10,,Gen 9 Sevii Reserve,night deterministic slot 5
SPECIES_DHELMISE,,wild reserve,FOUR_ISLAND_ICEFALL_CAVE_1F,land,8 + game clear,10,,Gen 9 Sevii Reserve,night deterministic slot 6
SPECIES_DIALGA,,wild reserve,FOUR_ISLAND_ICEFALL_CAVE_1F,land,8 + game clear,5,,Gen 9 Sevii Reserve,night deterministic slot 7
SPECIES_DIANCIE,,wild reserve,FOUR_ISLAND_ICEFALL_CAVE_1F,land,8 + game clear,5,,Gen 9 Sevii Reserve,night deterministic slot 8
SPECIES_DONDOZO,,wild reserve,FOUR_ISLAND_ICEFALL_CAVE_1F,land,8 + game clear,4,,Gen 9 Sevii Reserve,night deterministic slot 9
SPECIES_DRACOVISH,,wild reserve,FOUR_ISLAND_ICEFALL_CAVE_1F,land,8 + game clear,4,,Gen 9 Sevii Reserve,night deterministic slot 10
SPECIES_DRACOZOLT,,wild reserve,FOUR_ISLAND_ICEFALL_CAVE_1F,land,8 + game clear,1,,Gen 9 Sevii Reserve,night deterministic slot 11
SPECIES_DRAMPA,,wild reserve,FOUR_ISLAND_ICEFALL_CAVE_1F,land,8 + game clear,1,,Gen 9 Sevii Reserve,night deterministic slot 12
SPECIES_DRILBUR,,wild reserve,SIX_ISLAND_PATTERN_BUSH,land,8 + game clear,20,,Gen 9 Sevii Reserve,morning deterministic slot 1
SPECIES_DRUDDIGON,,wild reserve,SIX_ISLAND_PATTERN_BUSH,land,8 + game clear,20,,Gen 9 Sevii Reserve,morning deterministic slot 2
SPECIES_DUCKLETT,,wild reserve,SIX_ISLAND_PATTERN_BUSH,land,8 + game clear,10,,Gen 9 Sevii Reserve,morning deterministic slot 3
SPECIES_DURALUDON,,wild reserve,SIX_ISLAND_PATTERN_BUSH,land,8 + game clear,10,,Gen 9 Sevii Reserve,morning deterministic slot 4
SPECIES_DURANT,,wild reserve,SIX_ISLAND_PATTERN_BUSH,land,8 + game clear,10,,Gen 9 Sevii Reserve,morning deterministic slot 5
SPECIES_DUSKULL,,wild reserve,SIX_ISLAND_PATTERN_BUSH,land,8 + game clear,10,,Gen 9 Sevii Reserve,morning deterministic slot 6
SPECIES_DWEBBLE,,wild reserve,SIX_ISLAND_PATTERN_BUSH,land,8 + game clear,5,,Gen 9 Sevii Reserve,morning deterministic slot 7
SPECIES_EISCUE,,wild reserve,SIX_ISLAND_PATTERN_BUSH,land,8 + game clear,5,,Gen 9 Sevii Reserve,morning deterministic slot 8
SPECIES_ELEKID,,wild reserve,SIX_ISLAND_PATTERN_BUSH,land,8 + game clear,4,,Gen 9 Sevii Reserve,morning deterministic slot 9
SPECIES_ELGYEM,,wild reserve,SIX_ISLAND_PATTERN_BUSH,land,8 + game clear,4,,Gen 9 Sevii Reserve,morning deterministic slot 10
SPECIES_EMOLGA,,wild reserve,SIX_ISLAND_PATTERN_BUSH,land,8 + game clear,1,,Gen 9 Sevii Reserve,morning deterministic slot 11
SPECIES_ENAMORUS,,wild reserve,SIX_ISLAND_PATTERN_BUSH,land,8 + game clear,1,,Gen 9 Sevii Reserve,morning deterministic slot 12
SPECIES_ENTEI,,wild reserve,SIX_ISLAND_PATTERN_BUSH,land,8 + game clear,20,,Gen 9 Sevii Reserve,day deterministic slot 1
SPECIES_ESPURR,,wild reserve,SIX_ISLAND_PATTERN_BUSH,land,8 + game clear,20,,Gen 9 Sevii Reserve,day deterministic slot 2
SPECIES_ETERNATUS,,wild reserve,SIX_ISLAND_PATTERN_BUSH,land,8 + game clear,10,,Gen 9 Sevii Reserve,day deterministic slot 3
SPECIES_FALINKS,,wild reserve,SIX_ISLAND_PATTERN_BUSH,land,8 + game clear,10,,Gen 9 Sevii Reserve,day deterministic slot 4
SPECIES_FEEBAS,,wild reserve,SIX_ISLAND_PATTERN_BUSH,land,8 + game clear,10,,Gen 9 Sevii Reserve,day deterministic slot 5
SPECIES_FENNEKIN,,wild reserve,SIX_ISLAND_PATTERN_BUSH,land,8 + game clear,10,,Gen 9 Sevii Reserve,day deterministic slot 6
SPECIES_FERROSEED,,wild reserve,SIX_ISLAND_PATTERN_BUSH,land,8 + game clear,5,,Gen 9 Sevii Reserve,day deterministic slot 7
SPECIES_FEZANDIPITI,,wild reserve,SIX_ISLAND_PATTERN_BUSH,land,8 + game clear,5,,Gen 9 Sevii Reserve,day deterministic slot 8
SPECIES_FIDOUGH,,wild reserve,SIX_ISLAND_PATTERN_BUSH,land,8 + game clear,4,,Gen 9 Sevii Reserve,day deterministic slot 9
SPECIES_FINIZEN,,wild reserve,SIX_ISLAND_PATTERN_BUSH,land,8 + game clear,4,,Gen 9 Sevii Reserve,day deterministic slot 10
SPECIES_FINNEON,,wild reserve,SIX_ISLAND_PATTERN_BUSH,land,8 + game clear,1,,Gen 9 Sevii Reserve,day deterministic slot 11
SPECIES_FLAMIGO,,wild reserve,SIX_ISLAND_PATTERN_BUSH,land,8 + game clear,1,,Gen 9 Sevii Reserve,day deterministic slot 12
SPECIES_FLETCHLING,,wild reserve,SIX_ISLAND_PATTERN_BUSH,land,8 + game clear,20,,Gen 9 Sevii Reserve,evening deterministic slot 1
SPECIES_FLITTLE,,wild reserve,SIX_ISLAND_PATTERN_BUSH,land,8 + game clear,20,,Gen 9 Sevii Reserve,evening deterministic slot 2
SPECIES_FLUTTER_MANE,,wild reserve,SIX_ISLAND_PATTERN_BUSH,land,8 + game clear,10,,Gen 9 Sevii Reserve,evening deterministic slot 3
SPECIES_FOMANTIS,,wild reserve,SIX_ISLAND_PATTERN_BUSH,land,8 + game clear,10,,Gen 9 Sevii Reserve,evening deterministic slot 4
SPECIES_FOONGUS,,wild reserve,SIX_ISLAND_PATTERN_BUSH,land,8 + game clear,10,,Gen 9 Sevii Reserve,evening deterministic slot 5
SPECIES_FRILLISH,,wild reserve,SIX_ISLAND_PATTERN_BUSH,land,8 + game clear,10,,Gen 9 Sevii Reserve,evening deterministic slot 6
SPECIES_FROAKIE,,wild reserve,SIX_ISLAND_PATTERN_BUSH,land,8 + game clear,5,,Gen 9 Sevii Reserve,evening deterministic slot 7
SPECIES_FUECOCO,,wild reserve,SIX_ISLAND_PATTERN_BUSH,land,8 + game clear,5,,Gen 9 Sevii Reserve,evening deterministic slot 8
SPECIES_FURFROU,,wild reserve,SIX_ISLAND_PATTERN_BUSH,land,8 + game clear,4,,Gen 9 Sevii Reserve,evening deterministic slot 9
SPECIES_GENESECT,,wild reserve,SIX_ISLAND_PATTERN_BUSH,land,8 + game clear,4,,Gen 9 Sevii Reserve,evening deterministic slot 10
SPECIES_GIBLE,,wild reserve,SIX_ISLAND_PATTERN_BUSH,land,8 + game clear,1,,Gen 9 Sevii Reserve,evening deterministic slot 11
SPECIES_GIMMIGHOUL,,wild reserve,SIX_ISLAND_PATTERN_BUSH,land,8 + game clear,1,,Gen 9 Sevii Reserve,evening deterministic slot 12
SPECIES_GIRAFARIG,,wild reserve,SIX_ISLAND_PATTERN_BUSH,land,8 + game clear,20,,Gen 9 Sevii Reserve,night deterministic slot 1
SPECIES_GIRATINA,,wild reserve,SIX_ISLAND_PATTERN_BUSH,land,8 + game clear,20,,Gen 9 Sevii Reserve,night deterministic slot 2
SPECIES_GLASTRIER,,wild reserve,SIX_ISLAND_PATTERN_BUSH,land,8 + game clear,10,,Gen 9 Sevii Reserve,night deterministic slot 3
SPECIES_GLIGAR,,wild reserve,SIX_ISLAND_PATTERN_BUSH,land,8 + game clear,10,,Gen 9 Sevii Reserve,night deterministic slot 4
SPECIES_GLIMMET,,wild reserve,SIX_ISLAND_PATTERN_BUSH,land,8 + game clear,10,,Gen 9 Sevii Reserve,night deterministic slot 5
SPECIES_GOLETT,,wild reserve,SIX_ISLAND_PATTERN_BUSH,land,8 + game clear,10,,Gen 9 Sevii Reserve,night deterministic slot 6
SPECIES_GOOMY,,wild reserve,SIX_ISLAND_PATTERN_BUSH,land,8 + game clear,5,,Gen 9 Sevii Reserve,night deterministic slot 7
SPECIES_GOTHITA,,wild reserve,SIX_ISLAND_PATTERN_BUSH,land,8 + game clear,5,,Gen 9 Sevii Reserve,night deterministic slot 8
SPECIES_GOUGING_FIRE,,wild reserve,SIX_ISLAND_PATTERN_BUSH,land,8 + game clear,4,,Gen 9 Sevii Reserve,night deterministic slot 9
SPECIES_GREAT_TUSK,,wild reserve,SIX_ISLAND_PATTERN_BUSH,land,8 + game clear,4,,Gen 9 Sevii Reserve,night deterministic slot 10
SPECIES_GREAVARD,,wild reserve,SIX_ISLAND_PATTERN_BUSH,land,8 + game clear,1,,Gen 9 Sevii Reserve,night deterministic slot 11
SPECIES_GROOKEY,,wild reserve,SIX_ISLAND_PATTERN_BUSH,land,8 + game clear,1,,Gen 9 Sevii Reserve,night deterministic slot 12
SPECIES_GROUDON,,wild reserve,FIVE_ISLAND_LOST_CAVE_ROOM1,land,8 + game clear,20,,Gen 9 Sevii Reserve,morning deterministic slot 1
SPECIES_GRUBBIN,,wild reserve,FIVE_ISLAND_LOST_CAVE_ROOM1,land,8 + game clear,20,,Gen 9 Sevii Reserve,morning deterministic slot 2
SPECIES_GULPIN,,wild reserve,FIVE_ISLAND_LOST_CAVE_ROOM1,land,8 + game clear,10,,Gen 9 Sevii Reserve,morning deterministic slot 3
SPECIES_GUZZLORD,,wild reserve,FIVE_ISLAND_LOST_CAVE_ROOM1,land,8 + game clear,10,,Gen 9 Sevii Reserve,morning deterministic slot 4
SPECIES_HAPPINY,,wild reserve,FIVE_ISLAND_LOST_CAVE_ROOM1,land,8 + game clear,10,,Gen 9 Sevii Reserve,morning deterministic slot 5
SPECIES_HATENNA,,wild reserve,FIVE_ISLAND_LOST_CAVE_ROOM1,land,8 + game clear,10,,Gen 9 Sevii Reserve,morning deterministic slot 6
SPECIES_HAWLUCHA,,wild reserve,FIVE_ISLAND_LOST_CAVE_ROOM1,land,8 + game clear,5,,Gen 9 Sevii Reserve,morning deterministic slot 7
SPECIES_HEATMOR,,wild reserve,FIVE_ISLAND_LOST_CAVE_ROOM1,land,8 + game clear,5,,Gen 9 Sevii Reserve,morning deterministic slot 8
SPECIES_HEATRAN,,wild reserve,FIVE_ISLAND_LOST_CAVE_ROOM1,land,8 + game clear,4,,Gen 9 Sevii Reserve,morning deterministic slot 9
SPECIES_HELIOPTILE,,wild reserve,FIVE_ISLAND_LOST_CAVE_ROOM1,land,8 + game clear,4,,Gen 9 Sevii Reserve,morning deterministic slot 10
SPECIES_HIPPOPOTAS,,wild reserve,FIVE_ISLAND_LOST_CAVE_ROOM1,land,8 + game clear,1,,Gen 9 Sevii Reserve,morning deterministic slot 11
SPECIES_HONEDGE,,wild reserve,FIVE_ISLAND_LOST_CAVE_ROOM1,land,8 + game clear,1,,Gen 9 Sevii Reserve,morning deterministic slot 12
SPECIES_HOOPA,,wild reserve,FIVE_ISLAND_LOST_CAVE_ROOM1,land,8 + game clear,20,,Gen 9 Sevii Reserve,day deterministic slot 1
SPECIES_HO_OH,,wild reserve,FIVE_ISLAND_LOST_CAVE_ROOM1,land,8 + game clear,20,,Gen 9 Sevii Reserve,day deterministic slot 2
SPECIES_IGGLYBUFF,,wild reserve,FIVE_ISLAND_LOST_CAVE_ROOM1,land,8 + game clear,10,,Gen 9 Sevii Reserve,day deterministic slot 3
SPECIES_ILLUMISE,,wild reserve,FIVE_ISLAND_LOST_CAVE_ROOM1,land,8 + game clear,10,,Gen 9 Sevii Reserve,day deterministic slot 4
SPECIES_IMPIDIMP,,wild reserve,FIVE_ISLAND_LOST_CAVE_ROOM1,land,8 + game clear,10,,Gen 9 Sevii Reserve,day deterministic slot 5
SPECIES_INDEEDEE,,wild reserve,FIVE_ISLAND_LOST_CAVE_ROOM1,land,8 + game clear,10,,Gen 9 Sevii Reserve,day deterministic slot 6
SPECIES_INKAY,,wild reserve,FIVE_ISLAND_LOST_CAVE_ROOM1,land,8 + game clear,5,,Gen 9 Sevii Reserve,day deterministic slot 7
SPECIES_IRON_BOULDER,,wild reserve,FIVE_ISLAND_LOST_CAVE_ROOM1,land,8 + game clear,5,,Gen 9 Sevii Reserve,day deterministic slot 8
SPECIES_IRON_BUNDLE,,wild reserve,FIVE_ISLAND_LOST_CAVE_ROOM1,land,8 + game clear,4,,Gen 9 Sevii Reserve,day deterministic slot 9
SPECIES_IRON_CROWN,,wild reserve,FIVE_ISLAND_LOST_CAVE_ROOM1,land,8 + game clear,4,,Gen 9 Sevii Reserve,day deterministic slot 10
SPECIES_IRON_HANDS,,wild reserve,FIVE_ISLAND_LOST_CAVE_ROOM1,land,8 + game clear,1,,Gen 9 Sevii Reserve,day deterministic slot 11
SPECIES_IRON_JUGULIS,,wild reserve,FIVE_ISLAND_LOST_CAVE_ROOM1,land,8 + game clear,1,,Gen 9 Sevii Reserve,day deterministic slot 12
SPECIES_IRON_LEAVES,,wild reserve,FIVE_ISLAND_LOST_CAVE_ROOM1,land,8 + game clear,20,,Gen 9 Sevii Reserve,evening deterministic slot 1
SPECIES_IRON_MOTH,,wild reserve,FIVE_ISLAND_LOST_CAVE_ROOM1,land,8 + game clear,20,,Gen 9 Sevii Reserve,evening deterministic slot 2
SPECIES_IRON_THORNS,,wild reserve,FIVE_ISLAND_LOST_CAVE_ROOM1,land,8 + game clear,10,,Gen 9 Sevii Reserve,evening deterministic slot 3
SPECIES_IRON_TREADS,,wild reserve,FIVE_ISLAND_LOST_CAVE_ROOM1,land,8 + game clear,10,,Gen 9 Sevii Reserve,evening deterministic slot 4
SPECIES_IRON_VALIANT,,wild reserve,FIVE_ISLAND_LOST_CAVE_ROOM1,land,8 + game clear,10,,Gen 9 Sevii Reserve,evening deterministic slot 5
SPECIES_JANGMO_O,,wild reserve,FIVE_ISLAND_LOST_CAVE_ROOM1,land,8 + game clear,10,,Gen 9 Sevii Reserve,evening deterministic slot 6
SPECIES_JIRACHI,,wild reserve,FIVE_ISLAND_LOST_CAVE_ROOM1,land,8 + game clear,5,,Gen 9 Sevii Reserve,evening deterministic slot 7
SPECIES_KARRABLAST,,wild reserve,FIVE_ISLAND_LOST_CAVE_ROOM1,land,8 + game clear,5,,Gen 9 Sevii Reserve,evening deterministic slot 8
SPECIES_KARTANA,,wild reserve,FIVE_ISLAND_LOST_CAVE_ROOM1,land,8 + game clear,4,,Gen 9 Sevii Reserve,evening deterministic slot 9
SPECIES_KECLEON,,wild reserve,FIVE_ISLAND_LOST_CAVE_ROOM1,land,8 + game clear,4,,Gen 9 Sevii Reserve,evening deterministic slot 10
SPECIES_KELDEO,,wild reserve,FIVE_ISLAND_LOST_CAVE_ROOM1,land,8 + game clear,1,,Gen 9 Sevii Reserve,evening deterministic slot 11
SPECIES_KLAWF,,wild reserve,FIVE_ISLAND_LOST_CAVE_ROOM1,land,8 + game clear,1,,Gen 9 Sevii Reserve,evening deterministic slot 12
SPECIES_KLEFKI,,wild reserve,FIVE_ISLAND_LOST_CAVE_ROOM1,land,8 + game clear,20,,Gen 9 Sevii Reserve,night deterministic slot 1
SPECIES_KLINK,,wild reserve,FIVE_ISLAND_LOST_CAVE_ROOM1,land,8 + game clear,20,,Gen 9 Sevii Reserve,night deterministic slot 2
SPECIES_KOMALA,,wild reserve,FIVE_ISLAND_LOST_CAVE_ROOM1,land,8 + game clear,10,,Gen 9 Sevii Reserve,night deterministic slot 3
SPECIES_KORAIDON,,wild reserve,FIVE_ISLAND_LOST_CAVE_ROOM1,land,8 + game clear,10,,Gen 9 Sevii Reserve,night deterministic slot 4
SPECIES_KRICKETOT,,wild reserve,FIVE_ISLAND_LOST_CAVE_ROOM1,land,8 + game clear,10,,Gen 9 Sevii Reserve,night deterministic slot 5
SPECIES_KUBFU,,wild reserve,FIVE_ISLAND_LOST_CAVE_ROOM1,land,8 + game clear,10,,Gen 9 Sevii Reserve,night deterministic slot 6
SPECIES_KYOGRE,,wild reserve,FIVE_ISLAND_LOST_CAVE_ROOM1,land,8 + game clear,5,,Gen 9 Sevii Reserve,night deterministic slot 7
SPECIES_KYUREM,,wild reserve,FIVE_ISLAND_LOST_CAVE_ROOM1,land,8 + game clear,5,,Gen 9 Sevii Reserve,night deterministic slot 8
SPECIES_LANDORUS,,wild reserve,FIVE_ISLAND_LOST_CAVE_ROOM1,land,8 + game clear,4,,Gen 9 Sevii Reserve,night deterministic slot 9
SPECIES_LARVESTA,,wild reserve,FIVE_ISLAND_LOST_CAVE_ROOM1,land,8 + game clear,4,,Gen 9 Sevii Reserve,night deterministic slot 10
SPECIES_LATIAS,,wild reserve,FIVE_ISLAND_LOST_CAVE_ROOM1,land,8 + game clear,1,,Gen 9 Sevii Reserve,night deterministic slot 11
SPECIES_LATIOS,,wild reserve,FIVE_ISLAND_LOST_CAVE_ROOM1,land,8 + game clear,1,,Gen 9 Sevii Reserve,night deterministic slot 12
SPECIES_LECHONK,,wild reserve,ONE_ISLAND_KINDLE_ROAD,land,8 + game clear,20,,Gen 9 Sevii Reserve,morning deterministic slot 1
SPECIES_LILEEP,,wild reserve,ONE_ISLAND_KINDLE_ROAD,land,8 + game clear,20,,Gen 9 Sevii Reserve,morning deterministic slot 2
SPECIES_LILLIPUP,,wild reserve,ONE_ISLAND_KINDLE_ROAD,land,8 + game clear,10,,Gen 9 Sevii Reserve,morning deterministic slot 3
SPECIES_LITTEN,,wild reserve,ONE_ISLAND_KINDLE_ROAD,land,8 + game clear,10,,Gen 9 Sevii Reserve,morning deterministic slot 4
SPECIES_LITWICK,,wild reserve,ONE_ISLAND_KINDLE_ROAD,land,8 + game clear,10,,Gen 9 Sevii Reserve,morning deterministic slot 5
SPECIES_LUGIA,,wild reserve,ONE_ISLAND_KINDLE_ROAD,land,8 + game clear,10,,Gen 9 Sevii Reserve,morning deterministic slot 6
SPECIES_LUNATONE,,wild reserve,ONE_ISLAND_KINDLE_ROAD,land,8 + game clear,5,,Gen 9 Sevii Reserve,morning deterministic slot 7
SPECIES_LUVDISC,,wild reserve,ONE_ISLAND_KINDLE_ROAD,land,8 + game clear,5,,Gen 9 Sevii Reserve,morning deterministic slot 8
SPECIES_MAGBY,,wild reserve,ONE_ISLAND_KINDLE_ROAD,land,8 + game clear,4,,Gen 9 Sevii Reserve,morning deterministic slot 9
SPECIES_MAGEARNA,,wild reserve,ONE_ISLAND_KINDLE_ROAD,land,8 + game clear,4,,Gen 9 Sevii Reserve,morning deterministic slot 10
SPECIES_MANAPHY,,wild reserve,ONE_ISLAND_KINDLE_ROAD,land,8 + game clear,1,,Gen 9 Sevii Reserve,morning deterministic slot 11
SPECIES_MANTYKE,,wild reserve,ONE_ISLAND_KINDLE_ROAD,land,8 + game clear,1,,Gen 9 Sevii Reserve,morning deterministic slot 12
SPECIES_MARACTUS,,wild reserve,ONE_ISLAND_KINDLE_ROAD,land,8 + game clear,20,,Gen 9 Sevii Reserve,day deterministic slot 1
SPECIES_MAREANIE,,wild reserve,ONE_ISLAND_KINDLE_ROAD,land,8 + game clear,20,,Gen 9 Sevii Reserve,day deterministic slot 2
SPECIES_MARSHADOW,,wild reserve,ONE_ISLAND_KINDLE_ROAD,land,8 + game clear,10,,Gen 9 Sevii Reserve,day deterministic slot 3
SPECIES_MASCHIFF,,wild reserve,ONE_ISLAND_KINDLE_ROAD,land,8 + game clear,10,,Gen 9 Sevii Reserve,day deterministic slot 4
SPECIES_MAWILE,,wild reserve,ONE_ISLAND_KINDLE_ROAD,land,8 + game clear,10,,Gen 9 Sevii Reserve,day deterministic slot 5
SPECIES_MEDITITE,,wild reserve,ONE_ISLAND_KINDLE_ROAD,land,8 + game clear,10,,Gen 9 Sevii Reserve,day deterministic slot 6
SPECIES_MELOETTA,,wild reserve,ONE_ISLAND_KINDLE_ROAD,land,8 + game clear,5,,Gen 9 Sevii Reserve,day deterministic slot 7
SPECIES_MELTAN,,wild reserve,ONE_ISLAND_KINDLE_ROAD,land,8 + game clear,5,,Gen 9 Sevii Reserve,day deterministic slot 8
SPECIES_MESPRIT,,wild reserve,ONE_ISLAND_KINDLE_ROAD,land,8 + game clear,4,,Gen 9 Sevii Reserve,day deterministic slot 9
SPECIES_MEW,,wild reserve,ONE_ISLAND_KINDLE_ROAD,land,8 + game clear,4,,Gen 9 Sevii Reserve,day deterministic slot 10
SPECIES_MIENFOO,,wild reserve,ONE_ISLAND_KINDLE_ROAD,land,8 + game clear,1,,Gen 9 Sevii Reserve,day deterministic slot 11
SPECIES_MILCERY,,wild reserve,ONE_ISLAND_KINDLE_ROAD,land,8 + game clear,1,,Gen 9 Sevii Reserve,day deterministic slot 12
SPECIES_MILTANK,,wild reserve,ONE_ISLAND_KINDLE_ROAD,land,8 + game clear,20,,Gen 9 Sevii Reserve,evening deterministic slot 1
SPECIES_MIME_JR,,wild reserve,ONE_ISLAND_KINDLE_ROAD,land,8 + game clear,20,,Gen 9 Sevii Reserve,evening deterministic slot 2
SPECIES_MIMIKYU,,wild reserve,ONE_ISLAND_KINDLE_ROAD,land,8 + game clear,10,,Gen 9 Sevii Reserve,evening deterministic slot 3
SPECIES_MINIOR_RED,,wild reserve,ONE_ISLAND_KINDLE_ROAD,land,8 + game clear,10,,Gen 9 Sevii Reserve,evening deterministic slot 4
SPECIES_MINUN,,wild reserve,ONE_ISLAND_KINDLE_ROAD,land,8 + game clear,10,,Gen 9 Sevii Reserve,evening deterministic slot 5
SPECIES_MIRAIDON,,wild reserve,ONE_ISLAND_KINDLE_ROAD,land,8 + game clear,10,,Gen 9 Sevii Reserve,evening deterministic slot 6
SPECIES_MORELULL,,wild reserve,ONE_ISLAND_KINDLE_ROAD,land,8 + game clear,5,,Gen 9 Sevii Reserve,evening deterministic slot 7
SPECIES_MORPEKO,,wild reserve,ONE_ISLAND_KINDLE_ROAD,land,8 + game clear,5,,Gen 9 Sevii Reserve,evening deterministic slot 8
SPECIES_MR_RIME,,wild reserve,ONE_ISLAND_KINDLE_ROAD,land,8 + game clear,4,,Gen 9 Sevii Reserve,evening deterministic slot 9
SPECIES_MUDBRAY,,wild reserve,ONE_ISLAND_KINDLE_ROAD,land,8 + game clear,4,,Gen 9 Sevii Reserve,evening deterministic slot 10
SPECIES_MUDKIP,,wild reserve,ONE_ISLAND_KINDLE_ROAD,land,8 + game clear,1,,Gen 9 Sevii Reserve,evening deterministic slot 11
SPECIES_MUNKIDORI,,wild reserve,ONE_ISLAND_KINDLE_ROAD,land,8 + game clear,1,,Gen 9 Sevii Reserve,evening deterministic slot 12
SPECIES_MUNNA,,wild reserve,ONE_ISLAND_KINDLE_ROAD,land,8 + game clear,20,,Gen 9 Sevii Reserve,night deterministic slot 1
SPECIES_NACLI,,wild reserve,ONE_ISLAND_KINDLE_ROAD,land,8 + game clear,20,,Gen 9 Sevii Reserve,night deterministic slot 2
SPECIES_NECROZMA,,wild reserve,ONE_ISLAND_KINDLE_ROAD,land,8 + game clear,10,,Gen 9 Sevii Reserve,night deterministic slot 3
SPECIES_NIHILEGO,,wild reserve,ONE_ISLAND_KINDLE_ROAD,land,8 + game clear,10,,Gen 9 Sevii Reserve,night deterministic slot 4
SPECIES_NINCADA,,wild reserve,ONE_ISLAND_KINDLE_ROAD,land,8 + game clear,10,,Gen 9 Sevii Reserve,night deterministic slot 5
SPECIES_NOIBAT,,wild reserve,ONE_ISLAND_KINDLE_ROAD,land,8 + game clear,10,,Gen 9 Sevii Reserve,night deterministic slot 6
SPECIES_NOSEPASS,,wild reserve,ONE_ISLAND_KINDLE_ROAD,land,8 + game clear,5,,Gen 9 Sevii Reserve,night deterministic slot 7
SPECIES_NUMEL,,wild reserve,ONE_ISLAND_KINDLE_ROAD,land,8 + game clear,5,,Gen 9 Sevii Reserve,night deterministic slot 8
SPECIES_NYMBLE,,wild reserve,ONE_ISLAND_KINDLE_ROAD,land,8 + game clear,4,,Gen 9 Sevii Reserve,night deterministic slot 9
SPECIES_OBSTAGOON,,wild reserve,ONE_ISLAND_KINDLE_ROAD,land,8 + game clear,4,,Gen 9 Sevii Reserve,night deterministic slot 10
SPECIES_OGERPON,,wild reserve,ONE_ISLAND_KINDLE_ROAD,land,8 + game clear,1,,Gen 9 Sevii Reserve,night deterministic slot 11
SPECIES_OKIDOGI,,wild reserve,ONE_ISLAND_KINDLE_ROAD,land,8 + game clear,1,,Gen 9 Sevii Reserve,night deterministic slot 12
SPECIES_ORANGURU,,wild reserve,SIX_ISLAND_RUIN_VALLEY,land,8 + game clear,20,,Gen 9 Sevii Reserve,morning deterministic slot 1
SPECIES_ORICORIO,,wild reserve,SIX_ISLAND_RUIN_VALLEY,land,8 + game clear,20,,Gen 9 Sevii Reserve,morning deterministic slot 2
SPECIES_ORTHWORM,,wild reserve,SIX_ISLAND_RUIN_VALLEY,land,8 + game clear,10,,Gen 9 Sevii Reserve,morning deterministic slot 3
SPECIES_OSHAWOTT,,wild reserve,SIX_ISLAND_RUIN_VALLEY,land,8 + game clear,10,,Gen 9 Sevii Reserve,morning deterministic slot 4
SPECIES_OVERQWIL,,wild reserve,SIX_ISLAND_RUIN_VALLEY,land,8 + game clear,10,,Gen 9 Sevii Reserve,morning deterministic slot 5
SPECIES_PACHIRISU,,wild reserve,SIX_ISLAND_RUIN_VALLEY,land,8 + game clear,10,,Gen 9 Sevii Reserve,morning deterministic slot 6
SPECIES_PALKIA,,wild reserve,SIX_ISLAND_RUIN_VALLEY,land,8 + game clear,5,,Gen 9 Sevii Reserve,morning deterministic slot 7
SPECIES_PANCHAM,,wild reserve,SIX_ISLAND_RUIN_VALLEY,land,8 + game clear,5,,Gen 9 Sevii Reserve,morning deterministic slot 8
SPECIES_PANPOUR,,wild reserve,SIX_ISLAND_RUIN_VALLEY,land,8 + game clear,4,,Gen 9 Sevii Reserve,morning deterministic slot 9
SPECIES_PANSAGE,,wild reserve,SIX_ISLAND_RUIN_VALLEY,land,8 + game clear,4,,Gen 9 Sevii Reserve,morning deterministic slot 10
SPECIES_PANSEAR,,wild reserve,SIX_ISLAND_RUIN_VALLEY,land,8 + game clear,1,,Gen 9 Sevii Reserve,morning deterministic slot 11
SPECIES_PASSIMIAN,,wild reserve,SIX_ISLAND_RUIN_VALLEY,land,8 + game clear,1,,Gen 9 Sevii Reserve,morning deterministic slot 12
SPECIES_PATRAT,,wild reserve,SIX_ISLAND_RUIN_VALLEY,land,8 + game clear,20,,Gen 9 Sevii Reserve,day deterministic slot 1
SPECIES_PAWNIARD,,wild reserve,SIX_ISLAND_RUIN_VALLEY,land,8 + game clear,20,,Gen 9 Sevii Reserve,day deterministic slot 2
SPECIES_PECHARUNT,,wild reserve,SIX_ISLAND_RUIN_VALLEY,land,8 + game clear,10,,Gen 9 Sevii Reserve,day deterministic slot 3
SPECIES_PERRSERKER,,wild reserve,SIX_ISLAND_RUIN_VALLEY,land,8 + game clear,10,,Gen 9 Sevii Reserve,day deterministic slot 4
SPECIES_PETILIL,,wild reserve,SIX_ISLAND_RUIN_VALLEY,land,8 + game clear,10,,Gen 9 Sevii Reserve,day deterministic slot 5
SPECIES_PHANTUMP,,wild reserve,SIX_ISLAND_RUIN_VALLEY,land,8 + game clear,10,,Gen 9 Sevii Reserve,day deterministic slot 6
SPECIES_PHEROMOSA,,wild reserve,SIX_ISLAND_RUIN_VALLEY,land,8 + game clear,5,,Gen 9 Sevii Reserve,day deterministic slot 7
SPECIES_PHIONE,,wild reserve,SIX_ISLAND_RUIN_VALLEY,land,8 + game clear,5,,Gen 9 Sevii Reserve,day deterministic slot 8
SPECIES_PICHU,,wild reserve,SIX_ISLAND_RUIN_VALLEY,land,8 + game clear,4,,Gen 9 Sevii Reserve,day deterministic slot 9
SPECIES_PIDOVE,,wild reserve,SIX_ISLAND_RUIN_VALLEY,land,8 + game clear,4,,Gen 9 Sevii Reserve,day deterministic slot 10
SPECIES_PIKIPEK,,wild reserve,SIX_ISLAND_RUIN_VALLEY,land,8 + game clear,1,,Gen 9 Sevii Reserve,day deterministic slot 11
SPECIES_PINCURCHIN,,wild reserve,SIX_ISLAND_RUIN_VALLEY,land,8 + game clear,1,,Gen 9 Sevii Reserve,day deterministic slot 12
SPECIES_PINSIR,,wild reserve,SIX_ISLAND_RUIN_VALLEY,land,8 + game clear,20,,Gen 9 Sevii Reserve,evening deterministic slot 1
SPECIES_PIPLUP,,wild reserve,SIX_ISLAND_RUIN_VALLEY,land,8 + game clear,20,,Gen 9 Sevii Reserve,evening deterministic slot 2
SPECIES_PLUSLE,,wild reserve,SIX_ISLAND_RUIN_VALLEY,land,8 + game clear,10,,Gen 9 Sevii Reserve,evening deterministic slot 3
SPECIES_POIPOLE,,wild reserve,SIX_ISLAND_RUIN_VALLEY,land,8 + game clear,10,,Gen 9 Sevii Reserve,evening deterministic slot 4
SPECIES_POLTCHAGEIST,,wild reserve,SIX_ISLAND_RUIN_VALLEY,land,8 + game clear,10,,Gen 9 Sevii Reserve,evening deterministic slot 5
SPECIES_POPPLIO,,wild reserve,SIX_ISLAND_RUIN_VALLEY,land,8 + game clear,10,,Gen 9 Sevii Reserve,evening deterministic slot 6
SPECIES_PUMPKABOO,,wild reserve,SIX_ISLAND_RUIN_VALLEY,land,8 + game clear,5,,Gen 9 Sevii Reserve,evening deterministic slot 7
SPECIES_PURRLOIN,,wild reserve,SIX_ISLAND_RUIN_VALLEY,land,8 + game clear,5,,Gen 9 Sevii Reserve,evening deterministic slot 8
SPECIES_PYUKUMUKU,,wild reserve,SIX_ISLAND_RUIN_VALLEY,land,8 + game clear,4,,Gen 9 Sevii Reserve,evening deterministic slot 9
SPECIES_QUAXLY,,wild reserve,SIX_ISLAND_RUIN_VALLEY,land,8 + game clear,4,,Gen 9 Sevii Reserve,evening deterministic slot 10
SPECIES_RAGING_BOLT,,wild reserve,SIX_ISLAND_RUIN_VALLEY,land,8 + game clear,1,,Gen 9 Sevii Reserve,evening deterministic slot 11
SPECIES_RAIKOU,,wild reserve,SIX_ISLAND_RUIN_VALLEY,land,8 + game clear,1,,Gen 9 Sevii Reserve,evening deterministic slot 12
SPECIES_RALTS,,wild reserve,SIX_ISLAND_RUIN_VALLEY,land,8 + game clear,20,,Gen 9 Sevii Reserve,night deterministic slot 1
SPECIES_RAYQUAZA,,wild reserve,SIX_ISLAND_RUIN_VALLEY,land,8 + game clear,20,,Gen 9 Sevii Reserve,night deterministic slot 2
SPECIES_REGICE,,wild reserve,SIX_ISLAND_RUIN_VALLEY,land,8 + game clear,10,,Gen 9 Sevii Reserve,night deterministic slot 3
SPECIES_REGIDRAGO,,wild reserve,SIX_ISLAND_RUIN_VALLEY,land,8 + game clear,10,,Gen 9 Sevii Reserve,night deterministic slot 4
SPECIES_REGIELEKI,,wild reserve,SIX_ISLAND_RUIN_VALLEY,land,8 + game clear,10,,Gen 9 Sevii Reserve,night deterministic slot 5
SPECIES_REGIGIGAS,,wild reserve,SIX_ISLAND_RUIN_VALLEY,land,8 + game clear,10,,Gen 9 Sevii Reserve,night deterministic slot 6
SPECIES_REGIROCK,,wild reserve,SIX_ISLAND_RUIN_VALLEY,land,8 + game clear,5,,Gen 9 Sevii Reserve,night deterministic slot 7
SPECIES_REGISTEEL,,wild reserve,SIX_ISLAND_RUIN_VALLEY,land,8 + game clear,5,,Gen 9 Sevii Reserve,night deterministic slot 8
SPECIES_RELICANTH,,wild reserve,SIX_ISLAND_RUIN_VALLEY,land,8 + game clear,4,,Gen 9 Sevii Reserve,night deterministic slot 9
SPECIES_RELLOR,,wild reserve,SIX_ISLAND_RUIN_VALLEY,land,8 + game clear,4,,Gen 9 Sevii Reserve,night deterministic slot 10
SPECIES_REMORAID,,wild reserve,SIX_ISLAND_RUIN_VALLEY,land,8 + game clear,1,,Gen 9 Sevii Reserve,night deterministic slot 11
SPECIES_RESHIRAM,,wild reserve,SIX_ISLAND_RUIN_VALLEY,land,8 + game clear,1,,Gen 9 Sevii Reserve,night deterministic slot 12
SPECIES_ROARING_MOON,,wild reserve,SEVEN_ISLAND_SEVAULT_CANYON,land,8 + game clear,20,,Gen 9 Sevii Reserve,morning deterministic slot 1
SPECIES_ROCKRUFF,,wild reserve,SEVEN_ISLAND_SEVAULT_CANYON,land,8 + game clear,20,,Gen 9 Sevii Reserve,morning deterministic slot 2
SPECIES_ROGGENROLA,,wild reserve,SEVEN_ISLAND_SEVAULT_CANYON,land,8 + game clear,10,,Gen 9 Sevii Reserve,morning deterministic slot 3
SPECIES_ROLYCOLY,,wild reserve,SEVEN_ISLAND_SEVAULT_CANYON,land,8 + game clear,10,,Gen 9 Sevii Reserve,morning deterministic slot 4
SPECIES_ROTOM,,wild reserve,SEVEN_ISLAND_SEVAULT_CANYON,land,8 + game clear,10,,Gen 9 Sevii Reserve,morning deterministic slot 5
SPECIES_ROWLET,,wild reserve,SEVEN_ISLAND_SEVAULT_CANYON,land,8 + game clear,10,,Gen 9 Sevii Reserve,morning deterministic slot 6
SPECIES_RUFFLET,,wild reserve,SEVEN_ISLAND_SEVAULT_CANYON,land,8 + game clear,5,,Gen 9 Sevii Reserve,morning deterministic slot 7
SPECIES_RUNERIGUS,,wild reserve,SEVEN_ISLAND_SEVAULT_CANYON,land,8 + game clear,5,,Gen 9 Sevii Reserve,morning deterministic slot 8
SPECIES_SABLEYE,,wild reserve,SEVEN_ISLAND_SEVAULT_CANYON,land,8 + game clear,4,,Gen 9 Sevii Reserve,morning deterministic slot 9
SPECIES_SALANDIT,,wild reserve,SEVEN_ISLAND_SEVAULT_CANYON,land,8 + game clear,4,,Gen 9 Sevii Reserve,morning deterministic slot 10
SPECIES_SANDILE,,wild reserve,SEVEN_ISLAND_SEVAULT_CANYON,land,8 + game clear,1,,Gen 9 Sevii Reserve,morning deterministic slot 11
SPECIES_SANDYGAST,,wild reserve,SEVEN_ISLAND_SEVAULT_CANYON,land,8 + game clear,1,,Gen 9 Sevii Reserve,morning deterministic slot 12
SPECIES_SANDY_SHOCKS,,wild reserve,SEVEN_ISLAND_SEVAULT_CANYON,land,8 + game clear,20,,Gen 9 Sevii Reserve,day deterministic slot 1
SPECIES_SAWK,,wild reserve,SEVEN_ISLAND_SEVAULT_CANYON,land,8 + game clear,20,,Gen 9 Sevii Reserve,day deterministic slot 2
SPECIES_SCATTERBUG,,wild reserve,SEVEN_ISLAND_SEVAULT_CANYON,land,8 + game clear,10,,Gen 9 Sevii Reserve,day deterministic slot 3
SPECIES_SCORBUNNY,,wild reserve,SEVEN_ISLAND_SEVAULT_CANYON,land,8 + game clear,10,,Gen 9 Sevii Reserve,day deterministic slot 4
SPECIES_SCRAGGY,,wild reserve,SEVEN_ISLAND_SEVAULT_CANYON,land,8 + game clear,10,,Gen 9 Sevii Reserve,day deterministic slot 5
SPECIES_SCREAM_TAIL,,wild reserve,SEVEN_ISLAND_SEVAULT_CANYON,land,8 + game clear,10,,Gen 9 Sevii Reserve,day deterministic slot 6
SPECIES_SEEDOT,,wild reserve,SEVEN_ISLAND_SEVAULT_CANYON,land,8 + game clear,5,,Gen 9 Sevii Reserve,day deterministic slot 7
SPECIES_SEVIPER,,wild reserve,SEVEN_ISLAND_SEVAULT_CANYON,land,8 + game clear,5,,Gen 9 Sevii Reserve,day deterministic slot 8
SPECIES_SHAYMIN,,wild reserve,SEVEN_ISLAND_SEVAULT_CANYON,land,8 + game clear,4,,Gen 9 Sevii Reserve,day deterministic slot 9
SPECIES_SHELLOS,,wild reserve,SEVEN_ISLAND_SEVAULT_CANYON,land,8 + game clear,4,,Gen 9 Sevii Reserve,day deterministic slot 10
SPECIES_SHELMET,,wild reserve,SEVEN_ISLAND_SEVAULT_CANYON,land,8 + game clear,1,,Gen 9 Sevii Reserve,day deterministic slot 11
SPECIES_SHIELDON,,wild reserve,SEVEN_ISLAND_SEVAULT_CANYON,land,8 + game clear,1,,Gen 9 Sevii Reserve,day deterministic slot 12
SPECIES_SHINX,,wild reserve,SEVEN_ISLAND_SEVAULT_CANYON,land,8 + game clear,20,,Gen 9 Sevii Reserve,evening deterministic slot 1
SPECIES_SHROODLE,,wild reserve,SEVEN_ISLAND_SEVAULT_CANYON,land,8 + game clear,20,,Gen 9 Sevii Reserve,evening deterministic slot 2
SPECIES_SHUPPET,,wild reserve,SEVEN_ISLAND_SEVAULT_CANYON,land,8 + game clear,10,,Gen 9 Sevii Reserve,evening deterministic slot 3
SPECIES_SIGILYPH,,wild reserve,SEVEN_ISLAND_SEVAULT_CANYON,land,8 + game clear,10,,Gen 9 Sevii Reserve,evening deterministic slot 4
SPECIES_SILICOBRA,,wild reserve,SEVEN_ISLAND_SEVAULT_CANYON,land,8 + game clear,10,,Gen 9 Sevii Reserve,evening deterministic slot 5
SPECIES_SINISTEA,,wild reserve,SEVEN_ISLAND_SEVAULT_CANYON,land,8 + game clear,10,,Gen 9 Sevii Reserve,evening deterministic slot 6
SPECIES_SIRFETCHD,,wild reserve,SEVEN_ISLAND_SEVAULT_CANYON,land,8 + game clear,5,,Gen 9 Sevii Reserve,evening deterministic slot 7
SPECIES_SIZZLIPEDE,,wild reserve,SEVEN_ISLAND_SEVAULT_CANYON,land,8 + game clear,5,,Gen 9 Sevii Reserve,evening deterministic slot 8
SPECIES_SKIDDO,,wild reserve,SEVEN_ISLAND_SEVAULT_CANYON,land,8 + game clear,4,,Gen 9 Sevii Reserve,evening deterministic slot 9
SPECIES_SKITTY,,wild reserve,SEVEN_ISLAND_SEVAULT_CANYON,land,8 + game clear,4,,Gen 9 Sevii Reserve,evening deterministic slot 10
SPECIES_SKORUPI,,wild reserve,SEVEN_ISLAND_SEVAULT_CANYON,land,8 + game clear,1,,Gen 9 Sevii Reserve,evening deterministic slot 11
SPECIES_SKRELP,,wild reserve,SEVEN_ISLAND_SEVAULT_CANYON,land,8 + game clear,1,,Gen 9 Sevii Reserve,evening deterministic slot 12
SPECIES_SKWOVET,,wild reserve,SEVEN_ISLAND_SEVAULT_CANYON,land,8 + game clear,20,,Gen 9 Sevii Reserve,night deterministic slot 1
SPECIES_SLAKOTH,,wild reserve,SEVEN_ISLAND_SEVAULT_CANYON,land,8 + game clear,20,,Gen 9 Sevii Reserve,night deterministic slot 2
SPECIES_SLITHER_WING,,wild reserve,SEVEN_ISLAND_SEVAULT_CANYON,land,8 + game clear,10,,Gen 9 Sevii Reserve,night deterministic slot 3
SPECIES_SLOWPOKE,,wild reserve,SEVEN_ISLAND_SEVAULT_CANYON,land,8 + game clear,10,,Gen 9 Sevii Reserve,night deterministic slot 4
SPECIES_SMOLIV,,wild reserve,SEVEN_ISLAND_SEVAULT_CANYON,land,8 + game clear,10,,Gen 9 Sevii Reserve,night deterministic slot 5
SPECIES_SMOOCHUM,,wild reserve,SEVEN_ISLAND_SEVAULT_CANYON,land,8 + game clear,10,,Gen 9 Sevii Reserve,night deterministic slot 6
SPECIES_SNEASEL,,wild reserve,SEVEN_ISLAND_SEVAULT_CANYON,land,8 + game clear,5,,Gen 9 Sevii Reserve,night deterministic slot 7
SPECIES_SNEASLER,,wild reserve,SEVEN_ISLAND_SEVAULT_CANYON,land,8 + game clear,5,,Gen 9 Sevii Reserve,night deterministic slot 8
SPECIES_SNIVY,,wild reserve,SEVEN_ISLAND_SEVAULT_CANYON,land,8 + game clear,4,,Gen 9 Sevii Reserve,night deterministic slot 9
SPECIES_SNORUNT,,wild reserve,SEVEN_ISLAND_SEVAULT_CANYON,land,8 + game clear,4,,Gen 9 Sevii Reserve,night deterministic slot 10
SPECIES_SNOVER,,wild reserve,SEVEN_ISLAND_SEVAULT_CANYON,land,8 + game clear,1,,Gen 9 Sevii Reserve,night deterministic slot 11
SPECIES_SOBBLE,,wild reserve,SEVEN_ISLAND_SEVAULT_CANYON,land,8 + game clear,1,,Gen 9 Sevii Reserve,night deterministic slot 12
SPECIES_SOLOSIS,,wild reserve,SEVEN_ISLAND_TANOBY_RUINS_MONEAN_CHAMBER,land,8 + game clear,20,,Gen 9 Sevii Reserve,morning deterministic slot 1
SPECIES_SOLROCK,,wild reserve,SEVEN_ISLAND_TANOBY_RUINS_MONEAN_CHAMBER,land,8 + game clear,20,,Gen 9 Sevii Reserve,morning deterministic slot 2
SPECIES_SPECTRIER,,wild reserve,SEVEN_ISLAND_TANOBY_RUINS_MONEAN_CHAMBER,land,8 + game clear,10,,Gen 9 Sevii Reserve,morning deterministic slot 3
SPECIES_SPHEAL,,wild reserve,SEVEN_ISLAND_TANOBY_RUINS_MONEAN_CHAMBER,land,8 + game clear,10,,Gen 9 Sevii Reserve,morning deterministic slot 4
SPECIES_SPINDA,,wild reserve,SEVEN_ISLAND_TANOBY_RUINS_MONEAN_CHAMBER,land,8 + game clear,10,,Gen 9 Sevii Reserve,morning deterministic slot 5
SPECIES_SPIRITOMB,,wild reserve,SEVEN_ISLAND_TANOBY_RUINS_MONEAN_CHAMBER,land,8 + game clear,10,,Gen 9 Sevii Reserve,morning deterministic slot 6
SPECIES_SPOINK,,wild reserve,SEVEN_ISLAND_TANOBY_RUINS_MONEAN_CHAMBER,land,8 + game clear,5,,Gen 9 Sevii Reserve,morning deterministic slot 7
SPECIES_SPRIGATITO,,wild reserve,SEVEN_ISLAND_TANOBY_RUINS_MONEAN_CHAMBER,land,8 + game clear,5,,Gen 9 Sevii Reserve,morning deterministic slot 8
SPECIES_SPRITZEE,,wild reserve,SEVEN_ISLAND_TANOBY_RUINS_MONEAN_CHAMBER,land,8 + game clear,4,,Gen 9 Sevii Reserve,morning deterministic slot 9
SPECIES_SQUAWKABILLY,,wild reserve,SEVEN_ISLAND_TANOBY_RUINS_MONEAN_CHAMBER,land,8 + game clear,4,,Gen 9 Sevii Reserve,morning deterministic slot 10
SPECIES_STAKATAKA,,wild reserve,SEVEN_ISLAND_TANOBY_RUINS_MONEAN_CHAMBER,land,8 + game clear,1,,Gen 9 Sevii Reserve,morning deterministic slot 11
SPECIES_STARLY,,wild reserve,SEVEN_ISLAND_TANOBY_RUINS_MONEAN_CHAMBER,land,8 + game clear,1,,Gen 9 Sevii Reserve,morning deterministic slot 12
SPECIES_STARYU,,wild reserve,SEVEN_ISLAND_TANOBY_RUINS_MONEAN_CHAMBER,land,8 + game clear,20,,Gen 9 Sevii Reserve,day deterministic slot 1
SPECIES_STONJOURNER,,wild reserve,SEVEN_ISLAND_TANOBY_RUINS_MONEAN_CHAMBER,land,8 + game clear,20,,Gen 9 Sevii Reserve,day deterministic slot 2
SPECIES_STUFFUL,,wild reserve,SEVEN_ISLAND_TANOBY_RUINS_MONEAN_CHAMBER,land,8 + game clear,10,,Gen 9 Sevii Reserve,day deterministic slot 3
SPECIES_STUNFISK,,wild reserve,SEVEN_ISLAND_TANOBY_RUINS_MONEAN_CHAMBER,land,8 + game clear,10,,Gen 9 Sevii Reserve,day deterministic slot 4
SPECIES_STUNKY,,wild reserve,SEVEN_ISLAND_TANOBY_RUINS_MONEAN_CHAMBER,land,8 + game clear,10,,Gen 9 Sevii Reserve,day deterministic slot 5
SPECIES_SUICUNE,,wild reserve,SEVEN_ISLAND_TANOBY_RUINS_MONEAN_CHAMBER,land,8 + game clear,10,,Gen 9 Sevii Reserve,day deterministic slot 6
SPECIES_SUNKERN,,wild reserve,SEVEN_ISLAND_TANOBY_RUINS_MONEAN_CHAMBER,land,8 + game clear,5,,Gen 9 Sevii Reserve,day deterministic slot 7
SPECIES_SURSKIT,,wild reserve,SEVEN_ISLAND_TANOBY_RUINS_MONEAN_CHAMBER,land,8 + game clear,5,,Gen 9 Sevii Reserve,day deterministic slot 8
SPECIES_SWABLU,,wild reserve,SEVEN_ISLAND_TANOBY_RUINS_MONEAN_CHAMBER,land,8 + game clear,4,,Gen 9 Sevii Reserve,day deterministic slot 9
SPECIES_SWIRLIX,,wild reserve,SEVEN_ISLAND_TANOBY_RUINS_MONEAN_CHAMBER,land,8 + game clear,4,,Gen 9 Sevii Reserve,day deterministic slot 10
SPECIES_TADBULB,,wild reserve,SEVEN_ISLAND_TANOBY_RUINS_MONEAN_CHAMBER,land,8 + game clear,1,,Gen 9 Sevii Reserve,day deterministic slot 11
SPECIES_TANDEMAUS,,wild reserve,SEVEN_ISLAND_TANOBY_RUINS_MONEAN_CHAMBER,land,8 + game clear,1,,Gen 9 Sevii Reserve,day deterministic slot 12
SPECIES_TAPU_BULU,,wild reserve,SEVEN_ISLAND_TANOBY_RUINS_MONEAN_CHAMBER,land,8 + game clear,20,,Gen 9 Sevii Reserve,evening deterministic slot 1
SPECIES_TAPU_FINI,,wild reserve,SEVEN_ISLAND_TANOBY_RUINS_MONEAN_CHAMBER,land,8 + game clear,20,,Gen 9 Sevii Reserve,evening deterministic slot 2
SPECIES_TAPU_KOKO,,wild reserve,SEVEN_ISLAND_TANOBY_RUINS_MONEAN_CHAMBER,land,8 + game clear,10,,Gen 9 Sevii Reserve,evening deterministic slot 3
SPECIES_TAPU_LELE,,wild reserve,SEVEN_ISLAND_TANOBY_RUINS_MONEAN_CHAMBER,land,8 + game clear,10,,Gen 9 Sevii Reserve,evening deterministic slot 4
SPECIES_TAROUNTULA,,wild reserve,SEVEN_ISLAND_TANOBY_RUINS_MONEAN_CHAMBER,land,8 + game clear,10,,Gen 9 Sevii Reserve,evening deterministic slot 5
SPECIES_TATSUGIRI,,wild reserve,SEVEN_ISLAND_TANOBY_RUINS_MONEAN_CHAMBER,land,8 + game clear,10,,Gen 9 Sevii Reserve,evening deterministic slot 6
SPECIES_TEPIG,,wild reserve,SEVEN_ISLAND_TANOBY_RUINS_MONEAN_CHAMBER,land,8 + game clear,5,,Gen 9 Sevii Reserve,evening deterministic slot 7
SPECIES_TERAPAGOS,,wild reserve,SEVEN_ISLAND_TANOBY_RUINS_MONEAN_CHAMBER,land,8 + game clear,5,,Gen 9 Sevii Reserve,evening deterministic slot 8
SPECIES_TERRAKION,,wild reserve,SEVEN_ISLAND_TANOBY_RUINS_MONEAN_CHAMBER,land,8 + game clear,4,,Gen 9 Sevii Reserve,evening deterministic slot 9
SPECIES_THROH,,wild reserve,SEVEN_ISLAND_TANOBY_RUINS_MONEAN_CHAMBER,land,8 + game clear,4,,Gen 9 Sevii Reserve,evening deterministic slot 10
SPECIES_THUNDURUS,,wild reserve,SEVEN_ISLAND_TANOBY_RUINS_MONEAN_CHAMBER,land,8 + game clear,1,,Gen 9 Sevii Reserve,evening deterministic slot 11
SPECIES_TIMBURR,,wild reserve,SEVEN_ISLAND_TANOBY_RUINS_MONEAN_CHAMBER,land,8 + game clear,1,,Gen 9 Sevii Reserve,evening deterministic slot 12
SPECIES_TING_LU,,wild reserve,SEVEN_ISLAND_TANOBY_RUINS_MONEAN_CHAMBER,land,8 + game clear,20,,Gen 9 Sevii Reserve,night deterministic slot 1
SPECIES_TIRTOUGA,,wild reserve,SEVEN_ISLAND_TANOBY_RUINS_MONEAN_CHAMBER,land,8 + game clear,20,,Gen 9 Sevii Reserve,night deterministic slot 2
SPECIES_TOEDSCOOL,,wild reserve,SEVEN_ISLAND_TANOBY_RUINS_MONEAN_CHAMBER,land,8 + game clear,10,,Gen 9 Sevii Reserve,night deterministic slot 3
SPECIES_TOGEDEMARU,,wild reserve,SEVEN_ISLAND_TANOBY_RUINS_MONEAN_CHAMBER,land,8 + game clear,10,,Gen 9 Sevii Reserve,night deterministic slot 4
SPECIES_TORCHIC,,wild reserve,SEVEN_ISLAND_TANOBY_RUINS_MONEAN_CHAMBER,land,8 + game clear,10,,Gen 9 Sevii Reserve,night deterministic slot 5
SPECIES_TORKOAL,,wild reserve,SEVEN_ISLAND_TANOBY_RUINS_MONEAN_CHAMBER,land,8 + game clear,10,,Gen 9 Sevii Reserve,night deterministic slot 6
SPECIES_TORNADUS,,wild reserve,SEVEN_ISLAND_TANOBY_RUINS_MONEAN_CHAMBER,land,8 + game clear,5,,Gen 9 Sevii Reserve,night deterministic slot 7
SPECIES_TOTODILE,,wild reserve,SEVEN_ISLAND_TANOBY_RUINS_MONEAN_CHAMBER,land,8 + game clear,5,,Gen 9 Sevii Reserve,night deterministic slot 8
SPECIES_TRAPINCH,,wild reserve,SEVEN_ISLAND_TANOBY_RUINS_MONEAN_CHAMBER,land,8 + game clear,4,,Gen 9 Sevii Reserve,night deterministic slot 9
SPECIES_TREECKO,,wild reserve,SEVEN_ISLAND_TANOBY_RUINS_MONEAN_CHAMBER,land,8 + game clear,4,,Gen 9 Sevii Reserve,night deterministic slot 10
SPECIES_TROPIUS,,wild reserve,SEVEN_ISLAND_TANOBY_RUINS_MONEAN_CHAMBER,land,8 + game clear,1,,Gen 9 Sevii Reserve,night deterministic slot 11
SPECIES_TRUBBISH,,wild reserve,SEVEN_ISLAND_TANOBY_RUINS_MONEAN_CHAMBER,land,8 + game clear,1,,Gen 9 Sevii Reserve,night deterministic slot 12
SPECIES_TURTONATOR,,wild reserve,FIVE_ISLAND_MEADOW,land,8 + game clear,20,,Gen 9 Sevii Reserve,morning deterministic slot 1
SPECIES_TURTWIG,,wild reserve,FIVE_ISLAND_MEADOW,land,8 + game clear,20,,Gen 9 Sevii Reserve,morning deterministic slot 2
SPECIES_TYMPOLE,,wild reserve,FIVE_ISLAND_MEADOW,land,8 + game clear,10,,Gen 9 Sevii Reserve,morning deterministic slot 3
SPECIES_TYNAMO,,wild reserve,FIVE_ISLAND_MEADOW,land,8 + game clear,10,,Gen 9 Sevii Reserve,morning deterministic slot 4
SPECIES_TYPE_NULL,,wild reserve,FIVE_ISLAND_MEADOW,land,8 + game clear,10,,Gen 9 Sevii Reserve,morning deterministic slot 5
SPECIES_TYROGUE,,wild reserve,FIVE_ISLAND_MEADOW,land,8 + game clear,10,,Gen 9 Sevii Reserve,morning deterministic slot 6
SPECIES_TYRUNT,,wild reserve,FIVE_ISLAND_MEADOW,land,8 + game clear,5,,Gen 9 Sevii Reserve,morning deterministic slot 7
SPECIES_UXIE,,wild reserve,FIVE_ISLAND_MEADOW,land,8 + game clear,5,,Gen 9 Sevii Reserve,morning deterministic slot 8
SPECIES_VANILLITE,,wild reserve,FIVE_ISLAND_MEADOW,land,8 + game clear,4,,Gen 9 Sevii Reserve,morning deterministic slot 9
SPECIES_VAROOM,,wild reserve,FIVE_ISLAND_MEADOW,land,8 + game clear,4,,Gen 9 Sevii Reserve,morning deterministic slot 10
SPECIES_VELUZA,,wild reserve,FIVE_ISLAND_MEADOW,land,8 + game clear,1,,Gen 9 Sevii Reserve,morning deterministic slot 11
SPECIES_VENIPEDE,,wild reserve,FIVE_ISLAND_MEADOW,land,8 + game clear,1,,Gen 9 Sevii Reserve,morning deterministic slot 12
SPECIES_VICTINI,,wild reserve,FIVE_ISLAND_MEADOW,land,8 + game clear,20,,Gen 9 Sevii Reserve,day deterministic slot 1
SPECIES_VIRIZION,,wild reserve,FIVE_ISLAND_MEADOW,land,8 + game clear,20,,Gen 9 Sevii Reserve,day deterministic slot 2
SPECIES_VOLBEAT,,wild reserve,FIVE_ISLAND_MEADOW,land,8 + game clear,10,,Gen 9 Sevii Reserve,day deterministic slot 3
SPECIES_VOLCANION,,wild reserve,FIVE_ISLAND_MEADOW,land,8 + game clear,10,,Gen 9 Sevii Reserve,day deterministic slot 4
SPECIES_VULLABY,,wild reserve,FIVE_ISLAND_MEADOW,land,8 + game clear,10,,Gen 9 Sevii Reserve,day deterministic slot 5
SPECIES_WAILMER,,wild reserve,FIVE_ISLAND_MEADOW,land,8 + game clear,10,,Gen 9 Sevii Reserve,day deterministic slot 6
SPECIES_WALKING_WAKE,,wild reserve,FIVE_ISLAND_MEADOW,land,8 + game clear,5,,Gen 9 Sevii Reserve,day deterministic slot 7
SPECIES_WATTREL,,wild reserve,FIVE_ISLAND_MEADOW,land,8 + game clear,5,,Gen 9 Sevii Reserve,day deterministic slot 8
SPECIES_WHISMUR,,wild reserve,FIVE_ISLAND_MEADOW,land,8 + game clear,4,,Gen 9 Sevii Reserve,day deterministic slot 9
SPECIES_WIGLETT,,wild reserve,FIVE_ISLAND_MEADOW,land,8 + game clear,4,,Gen 9 Sevii Reserve,day deterministic slot 10
SPECIES_WIMPOD,,wild reserve,FIVE_ISLAND_MEADOW,land,8 + game clear,1,,Gen 9 Sevii Reserve,day deterministic slot 11
SPECIES_WISHIWASHI,,wild reserve,FIVE_ISLAND_MEADOW,land,8 + game clear,1,,Gen 9 Sevii Reserve,day deterministic slot 12
SPECIES_WOOBAT,,wild reserve,FIVE_ISLAND_MEADOW,land,8 + game clear,20,,Gen 9 Sevii Reserve,evening deterministic slot 1
SPECIES_WOOLOO,,wild reserve,FIVE_ISLAND_MEADOW,land,8 + game clear,20,,Gen 9 Sevii Reserve,evening deterministic slot 2
SPECIES_WO_CHIEN,,wild reserve,FIVE_ISLAND_MEADOW,land,8 + game clear,10,,Gen 9 Sevii Reserve,evening deterministic slot 3
SPECIES_WURMPLE,,wild reserve,FIVE_ISLAND_MEADOW,land,8 + game clear,10,,Gen 9 Sevii Reserve,evening deterministic slot 4
SPECIES_WYNAUT,,wild reserve,FIVE_ISLAND_MEADOW,land,8 + game clear,10,,Gen 9 Sevii Reserve,evening deterministic slot 5
SPECIES_XERNEAS,,wild reserve,FIVE_ISLAND_MEADOW,land,8 + game clear,10,,Gen 9 Sevii Reserve,evening deterministic slot 6
SPECIES_XURKITREE,,wild reserve,FIVE_ISLAND_MEADOW,land,8 + game clear,5,,Gen 9 Sevii Reserve,evening deterministic slot 7
SPECIES_YAMASK,,wild reserve,FIVE_ISLAND_MEADOW,land,8 + game clear,5,,Gen 9 Sevii Reserve,evening deterministic slot 8
SPECIES_YUNGOOS,,wild reserve,FIVE_ISLAND_MEADOW,land,8 + game clear,4,,Gen 9 Sevii Reserve,evening deterministic slot 9
SPECIES_YVELTAL,,wild reserve,FIVE_ISLAND_MEADOW,land,8 + game clear,4,,Gen 9 Sevii Reserve,evening deterministic slot 10
SPECIES_ZACIAN,,wild reserve,FIVE_ISLAND_MEADOW,land,8 + game clear,1,,Gen 9 Sevii Reserve,evening deterministic slot 11
SPECIES_ZAMAZENTA,,wild reserve,FIVE_ISLAND_MEADOW,land,8 + game clear,1,,Gen 9 Sevii Reserve,evening deterministic slot 12
SPECIES_ZANGOOSE,,wild reserve,FIVE_ISLAND_MEADOW,land,8 + game clear,20,,Gen 9 Sevii Reserve,night deterministic slot 1
SPECIES_ZARUDE,,wild reserve,FIVE_ISLAND_MEADOW,land,8 + game clear,20,,Gen 9 Sevii Reserve,night deterministic slot 2
SPECIES_ZEKROM,,wild reserve,FIVE_ISLAND_MEADOW,land,8 + game clear,10,,Gen 9 Sevii Reserve,night deterministic slot 3
SPECIES_ZERAORA,,wild reserve,FIVE_ISLAND_MEADOW,land,8 + game clear,10,,Gen 9 Sevii Reserve,night deterministic slot 4
SPECIES_ZYGARDE,,wild reserve,FIVE_ISLAND_MEADOW,land,8 + game clear,10,,Gen 9 Sevii Reserve,night deterministic slot 5
